Company Name,Ticker
29METALS LIMITED,29M
ACADEMIES AUSTRALASIA GROUP LIMITED,AKG
ALTERNATIVE INVESTMENT TRUST,AIQ
ALVO MINERALS LIMITED,ALV
ANDEAN SILVER LIMITED,ASL
ARDIDEN LTD,ADV
ASSETOWL LIMITED,AO1
ATHENA RESOURCES LIMITED,AHN
AUB GROUP LIMITED,AUB
AURIS MINERALS LIMITED,AUR
AUSSIE BROADBAND LIMITED,ABB
AUSTRALIAN COMMONWEALTH GOVERNMENT LOANS,XCL
AUSTRALIAN POTASH LIMITED,APC
AUSTRALIS OIL & GAS LIMITED,ATS
BARTON GOLD HOLDINGS LIMITED,BGD
BIG RIVER INDUSTRIES LIMITED,BRI
BLOCK INC.,SQ2
BOADICEA RESOURCES LIMITED,BOA
BOTANIX PHARMACEUTICALS LTD,BOT
BULLETIN RESOURCES LIMITED,BNR
CAPRICORN METALS LTD,CMM
CASPIN RESOURCES LIMITED,CPN
CAVALIER RESOURCES LIMITED,CVR
CELSIUS RESOURCES LIMITED.,CLA
CHARGER METALS NL,CHR
CHRYSOS CORPORATION LIMITED,C79
COBALT BLUE HOLDINGS LIMITED,COB
CONNECTED IO LIMITED,CIO
COPPERMOLY LIMITED,COY
CSL LIMITED,CSL
CULPEO MINERALS LIMITED,CPO
CURVEBEAM AI LIMITED,CVB
DEVELOP GLOBAL LIMITED,DVP
DONACO INTERNATIONAL LIMITED,DNA
DOTZ NANO LIMITED,DTZ
DUSK GROUP LIMITED,DSK
E&P FINANCIAL GROUP LIMITED,EP1
ELECTRO OPTIC SYSTEMS HOLDINGS LIMITED,EOS
EMERALD RESOURCES NL,EMR
EMYRIA LIMITED,EMD
EUREKA GROUP HOLDINGS LIMITED,EGH
FLEETWOOD LIMITED,FWD
FUTURE METALS NL,FME
G50 CORP LIMITED,G50
GALE PACIFIC LIMITED,GAP
GDI PROPERTY GROUP,GDI
GLOBAL HEALTH LIMITED,GLH
GOLD MOUNTAIN LIMITED,GMN
GOLDEN MILE RESOURCES LTD,G88
GR ENGINEERING SERVICES LIMITED,GNG
GREAT DIRT RESOURCES LTD,GR8
GREAT DIVIDE MINING LTD,GDM
GWA GROUP LIMITED.,GWA
HAMMER METALS LIMITED,HMX
HARVEY NORMAN HOLDINGS LIMITED,HVN
HEXIMA LIMITED.,HXL
HIGH PEAK ROYALTIES LIMITED,HPR
HORSESHOE METALS LIMITED,HOR
HUTCHISON TELECOMMUNICATIONS (AUSTRALIA) LIMITED,HTA
ICENI GOLD LIMITED,ICL
ICETANA LIMITED,ICE
INFINITY LITHIUM CORPORATION LIMITED,INF
INVICTUS ENERGY LTD,IVZ
JUPITER ENERGY LIMITED,JPR
KADDY LIMITED,KDY
KALIUM LAKES LIMITED,KLL
KINATICO LTD,KYP
LARVOTTO RESOURCES LIMITED,LRV
LAWFINANCE LIMITED,LAW
LEGACY MINERALS HOLDINGS LIMITED,LGM
LYNCH GROUP HOLDINGS LIMITED,LGL
MAD PAWS HOLDINGS LIMITED,MPA
MAGNETIC RESOURCES NL,MAU
METALSGROVE MINING LTD,MGA
METCASH LIMITED,MTS
MINREX RESOURCES LIMITED,MRR
MT MALCOLM MINES NL,M2M
MUSTERA PROPERTY GROUP LIMITED,MPX
MYSTATE LIMITED,MYS
NANOVEU LIMITED,NVU
NEURIZER LTD,NRZ
NEWMONT CORPORATION,NEM
NEWS CORPORATION..,NWS
NEXION GROUP LTD,NNG
NIB HOLDINGS LIMITED,NHF
NICK SCALI LIMITED,NCK
NUFARM FINANCE (NZ) LIMITED,NFN
OOH!MEDIA LIMITED,OML
OPENLEARNING LIMITED,OLL
OPTHEA LIMITED,OPT
ORORA LIMITED,ORA
PALADIN ENERGY LTD,PDN
PARADIGM BIOPHARMACEUTICALS LIMITED..,PAR
PATRIOT BATTERY METALS INC.,PMT
PEAK MINERALS LIMITED,PUA
PEPPER SPARKZ TRUST NO.4,PE4
PHOSLOCK ENVIRONMENTAL TECHNOLOGIES LIMITED,PET
PINNACLE MINERALS LIMITED,PIM
PODIUM MINERALS LIMITED,POD
POSEIDON NICKEL LIMITED,POS
PRIME FINANCIAL GROUP LIMITED,PFG
PRL GLOBAL LTD,PRG
PROGRESS 2022-2 TRUST,POF
RED HAWK MINING LIMITED,RHK
REGAL ASIAN INVESTMENTS LIMITED,RG8
RESTAURANT BRANDS NEW ZEALAND LIMITED,RBD
SERIES 2017-1 REDS TRUST,RFC
SEVEN WEST MEDIA LIMITED,SWM
SHAPE AUSTRALIA CORPORATION LIMITED,SHA
SILVER MINES LIMITED,SVL
SMARTPAY HOLDINGS LIMITED,SMP
SOLIS MINERALS LTD.,SLM
SOMNOMED LIMITED,SOM
SPARK NEW ZEALAND LIMITED,SPK
SPARTAN RESOURCES LIMITED,SPR
SPIRIT TECHNOLOGY SOLUTIONS LTD,ST1
STRATEGIC ENERGY RESOURCES LIMITED,SER
STREAMPLAY STUDIO LIMITED,SP8
SUMMERSET GROUP HOLDINGS LIMITED,SNZ
SUNCORP GROUP LIMITED,SUN
TERRA METALS LIMITED,TM1
TERRAIN MINERALS LIMITED,TMX
TIGERS REALM COAL LIMITED,TIG
TITANIUM SANDS LIMITED,TSL
TRIBUNE RESOURCES LIMITED,TBR
TRITON BOND TRUST 2020 IN RESPECT OF SERIES 1,TT4
WAM MICROCAP LIMITED,WMI
WAM RESEARCH LIMITED,WAX
WELLNEX LIFE LIMITED,WNX
WESFARMERS LIMITED,WES
WEST AFRICAN RESOURCES LIMITED,WAF
WISETECH GLOBAL LIMITED,WTC
XTC LITHIUM LIMITED,XTC
YANDAL RESOURCES LIMITED,YRL
ACROW LIMITED,ACF
ALKANE RESOURCES LIMITED,ALK
AMAERO INTERNATIONAL LTD,3DA
AMERICAN WEST METALS LIMITED,AW1
AMOTIV LIMITED,AOV
ARIZONA LITHIUM LIMITED,AZL
ASKARI METALS LIMITED,AS2
ASRA MINERALS LIMITED,ASR
ASTRON CORPORATION LIMITED,ATR
ATLAS PEARLS LTD,ATP
ATOMOS LIMITED,AMS
AUDALIA RESOURCES LIMITED,ACP
AUSCANN GROUP HOLDINGS LTD,AC8
AVENIRA LIMITED,AEV
BHAGWAN MARINE LIMITED,BWN
BLUE STAR HELIUM LIMITED,BNL
BPM MINERALS LIMITED,BPM
BUBALUS RESOURCES LIMITED,BUS
BUXTON RESOURCES LIMITED,BUX
CALIDUS RESOURCES LIMITED,CAI
CARNAVALE RESOURCES LIMITED,CAV
CIVMEC LIMITED,CVL
CORONADO GLOBAL RESOURCES INC.,CRN
DALRYMPLE BAY INFRASTRUCTURE LIMITED,DBI
DGL GROUP LIMITED,DGL
EAGLE MOUNTAIN MINING LIMITED,EM2
ELANOR INVESTORS GROUP,ENN
ENERGY ACTION LIMITED,EAX
EQUINOX RESOURCES LIMITED.,EQN
EUMUNDI GROUP LIMITED,EBG
EUROPEAN METALS HOLDINGS LIMITED,EMH
EV RESOURCES LTD,EVR
FIDUCIAN GROUP LIMITED,FID
FIELD SOLUTIONS HOLDINGS LIMITED,FSG
FINDI LIMITED,FND
FIREBRICK PHARMA LIMITED,FRE
FLYNN GOLD LIMITED,FG1
FOS CAPITAL LTD,FOS
GENESIS ENERGY LIMITED,GNE
GLENNON SMALL COMPANIES LIMITED,GC1
GLOBE METALS & MINING LIMITED,GBE
GRANGE RESOURCES LIMITED.,GRR
GREAT SOUTHERN MINING LIMITED,GSN
H&G HIGH CONVICTION LIMITED,HCF
HAMELIN GOLD LIMITED,HMG
HITECH GROUP AUSTRALIA LIMITED,HIT
HYDROCARBON DYNAMICS LIMITED,HCD
IGO LIMITED,IGO
INCENTIAPAY LIMITED,INP
INCITEC PIVOT LIMITED,IPL
INGENIA COMMUNITIES GROUP,INA
INTELICARE HOLDINGS LIMITED,ICR
IPD GROUP LTD,IPG
JADE GAS HOLDINGS LIMITED,JGH
JUMBO INTERACTIVE LIMITED,JIN
KATANA CAPITAL LIMITED,KAT
KORE POTASH PLC,KP2
LA TROBE FINANCIAL CAPITAL MARKETS TRUST 2020-S1,LT6
LA TROBE FINANCIAL CAPITAL MARKETS TRUST 2022-1,LT8
LABYRINTH RESOURCES LIMITED,LRL
LENDLEASE GROUP,LLC
LGI LIMITED,LGI
LION SELECTION GROUP LIMITED.,LSX
LION SERIES 2020-1 TRUST,LI8
LITTLE GREEN PHARMA LTD,LGP
LUCAPA DIAMOND COMPANY LIMITED,LOM
LYCAON RESOURCES LTD,LYN
MANDRAKE RESOURCES LIMITED,MAN
MARLEY SPOON SE,MMM
MARMOTA LIMITED,MEU
MC MINING LIMITED,MCM
MEDIBANK PRIVATE LIMITED,MPL
METAROCK GROUP LIMITED,MYE
MICHAEL HILL INTERNATIONAL LIMITED,MHJ
MIDDLE ISLAND RESOURCES LIMITED,MDI
MITCHELL SERVICES LIMITED,MSV
MITHRIL RESOURCES LIMITED,MTH
NAOS EX-50 OPPORTUNITIES COMPANY LIMITED,NAC
NATIONAL RMBS TRUST 2018-1 IN RESPECT OF SERIES 2018-1,NRO
NEWFIELD RESOURCES LIMITED,NWF
NEX METALS EXPLORATION LIMITED,NME
NIDO EDUCATION LIMITED,NDO
NOBLEOAK LIFE LIMITED,NOL
NOVATTI GROUP LIMITED,NOV
NOVONIX LIMITED,NVX
NRW HOLDINGS LIMITED,NWH
NZME LIMITED,NZM
OAR RESOURCES LIMITED,OAR
OPHIR HIGH CONVICTION FUND,OPH
ORA GOLD LIMITED,OAU
PANTERA MINERALS LIMITED,PFE
PANTORO LIMITED,PNR
PAPYRUS AUSTRALIA LIMITED,PPY
PATRIOT LITHIUM LIMITED,PAT
PEAKO LIMITED,PKO
PENGANA CAPITAL GROUP LIMITED,PCG
PEPPER RESIDENTIAL SECURITIES TRUST NO.28,PEV
PETER WARREN AUTOMOTIVE HOLDINGS LIMITED,PWR
PICHE RESOURCES LIMITED,PR2
PIONEER LITHIUM LIMITED,PLN
POWER MINERALS LIMITED,PNN
PURE FOODS TASMANIA LIMITED,PFT
PURIFLOH LIMITED,PO3
QUALITAS LIMITED,QAL
RACE ONCOLOGY LTD,RAC
RED SKY ENERGY LIMITED.,ROG
REDFLOW LIMITED,RFX
REDSTONE RESOURCES LIMITED,RDS
REGION GROUP,RGN
REX MINERALS LIMITED,RXM
RUBY BOND TRUST 2020-1,RB1
SKY METALS LIMITED,SKY
SKYCITY ENTERTAINMENT GROUP LIMITED,SKC
SPECTUR LIMITED,SP3
SQX RESOURCES LIMITED,SQX
STARPHARMA HOLDINGS LIMITED,SPL
STELLAR RESOURCES LIMITED,SRZ
STRIKE RESOURCES LIMITED,SRK
SUPPLY NETWORK LIMITED,SNL
TALISMAN MINING LIMITED,TLM
TASFOODS LIMITED,TFL
TRITON TRUST NO.8 IN RESPECT OF THE BOND SERIES 2019-3,TT3
US MASTERS RESIDENTIAL PROPERTY FUND,URF
VECTION TECHNOLOGIES LTD,VR1
VHM LIMITED,VHM
VICTORY METALS LIMITED,VTM
VISIONFLEX GROUP LIMITED,VFX
VISTA GROUP INTERNATIONAL LIMITED.,VGL
VOLT GROUP LIMITED,VPR
VRX SILICA LIMITED,VRX
WA1 RESOURCES LTD,WA1
WAM ALTERNATIVE ASSETS LIMITED,WMA
WARATAH MINERALS LIMITED,WTM
WINSOME RESOURCES LIMITED,WR1
WISR LIMITED,WZR
WOODSIDE ENERGY GROUP LTD,WDS
XRF SCIENTIFIC LIMITED,XRF
88 ENERGY LIMITED,88E
A1 INVESTMENTS & RESOURCES LTD,AYI
ACUSENSUS LIMITED.,ACE
ADRIATIC METALS PLC,ADT
ADVANCE METALS LIMITED,AVM
ADX ENERGY LTD,ADX
AFRICAN GOLD LTD.,A1G
AI-MEDIA TECHNOLOGIES LIMITED,AIM
AJ LUCAS GROUP LIMITED,AJL
APOLLO SERIES 2017-2 TRUST,AO2
ARK MINES LIMITED,AHK
ARN MEDIA LIMITED,A1N
ARROW MINERALS LTD,AMD
ASAPLUS RESOURCES LIMITED,AJY
ATLAS ARTERIA,ALX
ATRUM COAL LIMITED,ATU
AUSTCO HEALTHCARE LIMITED,AHC
AUSTRAL GOLD LIMITED,AGD
AXEL REE LIMITED,AXL
BAUMART HOLDINGS LIMITED,BMH
BENZ MINING CORP.,BNZ
BESRA GOLD INC.,BEZ
BROCKMAN MINING LIMITED,BCK
CALIMA ENERGY LIMITED,CE1
CARLTON INVESTMENTS LIMITED,CIN
CARLY HOLDINGS LIMITED,CL8
CATALINA RESOURCES LTD,CTN
CATAPULT GROUP INTERNATIONAL LTD,CAT
CD PRIVATE EQUITY FUND III,CD3
CENTURIA FUNDS MANAGEMENT LIMITED,C2F
CHEMX MATERIALS LIMITED,CMX
CLEAN TEQ WATER LIMITED,CNQ
COCHLEAR LIMITED,COH
CODAN LIMITED,CDA
CONDOR ENERGY LIMITED,CND
CORE LITHIUM LTD,CXO
CROMWELL PROPERTY GROUP,CMW
CTI LOGISTICS LIMITED,CLX
DRIVER AUSTRALIA EIGHT TRUST,DA8
DRIVER AUSTRALIA NINE TRUST,DA9
DROPSUITE LIMITED,DSE
DXN LIMITED,DXN
DYNAMIC METALS LIMITED,DYM
EARLYPAY LTD,EPY
ECOFIBRE LIMITED,EOF
ELDERS LIMITED,ELD
ELSIGHT LIMITED,ELS
EMECO HOLDINGS LIMITED,EHL
ENERGY RESOURCES OF AUSTRALIA LIMITED,ERA
ENLITIC INC.,ENL
EZZ LIFE SCIENCE HOLDINGS LIMITED,EZZ
FAT PROPHETS GLOBAL CONTRARIAN FUND LTD,FPC
FATFISH GROUP LIMITED,FFG
FMR RESOURCES LIMITED,FMR
G11 RESOURCES LIMITED,G11
GATEWAY MINING LIMITED,GML
GQG PARTNERS INC.,GQG
GRYPHON CAPITAL INCOME TRUST,GCI
HEALTHCO HEALTHCARE AND WELLNESS REIT,HCW
HERAMED LIMITED,HMD
ICANDY INTERACTIVE LIMITED,ICI
IMMUTEP LIMITED,IMM
IMRICOR MEDICAL SYSTEMS INC.,IMR
INSIGNIA FINANCIAL LTD,IFL
INTEGRATED RESEARCH LIMITED,IRI
INTERNATIONAL GRAPHITE LIMITED,IG6
INVESTIGATOR RESOURCES LTD,IVR
IONDRIVE LIMITED,ION
IXUP LIMITED,IXU
JAMESON RESOURCES LIMITED,JAL
JAVELIN MINERALS LIMITED,JAV
KELLY PARTNERS GROUP HOLDINGS LIMITED,KPG
KGL RESOURCES LIMITED,KGL
LA TROBE FINANCIAL CAPITAL MARKETS TRUST 2020-1,LT5
LITHIUM AUSTRALIA LIMITED,LIT
LOYAL LITHIUM LIMITED,LLI
M8 SUSTAINABLE LIMITED,M8S
MACQUARIE BANK LIMITED,MBL
MAGNIS ENERGY TECHNOLOGIES LTD,MNS
MAGONTEC LIMITED,MGL
MAXIPARTS LIMITED,MXI
MELBANA ENERGY LIMITED,MAY
METRO MINING LIMITED,MMI
MIDWAY LIMITED,MWY
MIGHTY KINGDOM LIMITED,MKL
MONADELPHOUS GROUP LIMITED,MND
MOTORCYCLE HOLDINGS LIMITED,MTO
MRG METALS LIMITED,MRQ
MTM CRITICAL METALS LIMITED,MTM
NAOS SMALL CAP OPPORTUNITIES COMPANY LIMITED,NSC
NEW ZEALAND COASTAL SEAFOODS LIMITED,NZS
NOVA EYE MEDICAL LIMITED,EYE
OPENN NEGOTIATION LIMITED,OPN
ORTHOCELL LIMITED,OCC
PHOSCO LTD,PHO
PLATINUM ASIA INVESTMENTS LIMITED,PAI
PRO MEDICUS LIMITED,PME
PRO-PAC PACKAGING LIMITED,PPG
PROGRESS 2017-2 TRUST,POT
PROSPECH LIMITED.,PRS
READCLOUD LIMITED,RCL
RICEGROWERS LIMITED,SGL
RPM AUTOMOTIVE GROUP LIMITED,RPM
SCENTRE GROUP TRUST 1,SCW
SCHAFFER CORPORATION LIMITED,SFC
SELFWEALTH LIMITED,SWF
SENETAS CORPORATION LIMITED,SEN
SERIES 2019-1 WST TRUST,WE1
SITEMINDER LIMITED,SDR
SIV CAPITAL LIMITED,SIV
SKY NETWORK TELEVISION LIMITED.,SKT
SPACETALK LTD,SPA
SPDR S&P/ASX 200 LISTED PROPERTY FUND,SLF
STONEHORSE ENERGY LIMITED,SHE
SYNLAIT MILK LIMITED,SM1
SYNTARA LIMITED,SNT
TERRAGEN HOLDINGS LIMITED,TGH
TIMAH RESOURCES LIMITED,TML
TRAJAN GROUP HOLDINGS LIMITED,TRJ
TRANSMETRO CORPORATION LIMITED,TCO
TREASURY WINE ESTATES LIMITED,TWE
TRYPTAMINE THERAPEUTICS LIMITED,TYP
TYRANNA RESOURCES LIMITED,TYX
TZ LIMITED,TZL
VENTIA SERVICES GROUP LIMITED,VNT
VENTURE MINERALS LIMITED,VMS
VERTEX MINERALS LIMITED,VTX
VIRIDIS MINING AND MINERALS LIMITED,VMM
VODAFONE GROUP PLC.,VPG
VOLTAIC STRATEGIC RESOURCES LTD,VSR
WAM CAPITAL LIMITED,WAM
WATERCO LIMITED,WAT
X2M CONNECT LIMITED,X2M
ZIMPLATS HOLDINGS LIMITED,ZIM
ZINC OF IRELAND NL,ZMI
ACRUX LIMITED,ACR
ANSARADA GROUP LIMITED,AND
ANSON RESOURCES LIMITED,ASN
ARCHER MATERIALS LIMITED,AXE
ARCHTIS LIMITED,AR9
ARGO GLOBAL LISTED INFRASTRUCTURE LIMITED,ALI
ARISTOCRAT LEISURE LIMITED,ALL
ASSOCIATE GLOBAL PARTNERS LIMITED,APL
ASTUTE METALS NL,ASE
ATTURRA LIMITED,ATA
AVJENNINGS LIMITED,AVJ
BANCO SANTANDER S.A.,B01
BASIN ENERGY LIMITED,BSN
BASS OIL LIMITED,BAS
BLACKWALL LIMITED,BWF
BLINKLAB LIMITED,BB1
BLUE ENERGY LIMITED.,BLU
BLUGLASS LIMITED,BLG
BURLEY MINERALS LTD,BUR
BURU ENERGY LIMITED,BRU
CAR GROUP LIMITED,CAR
CARNABY RESOURCES LIMITED,CNB
CAZALY RESOURCES LIMITED,CAZ
CHORUS LIMITED,CNU
COG FINANCIAL SERVICES LIMITED,COG
COKAL LIMITED,CKA
COMPUTERSHARE LIMITED.,CPU
CORAZON MINING LIMITED,CZN
COSMOS EXPLORATION LIMITED,C1X
D3 ENERGY LIMITED,D3E
DIVERSIFIED UNITED INVESTMENT LIMITED,DUI
DOCTOR CARE ANYWHERE GROUP PLC,DOC
DUXTON WATER LIMITED,D2O
ENERGY METALS LTD,EME
ENRG ELEMENTS LTD,EEL
FALCON METALS LTD,FAL
FAR LIMITED,FAR
FIREBIRD METALS LIMITED,FRB
FIRSTMAC MORTGAGE FUNDING TRUST NO.4 SERIES 2-2019,FM2
FREEDOM CARE GROUP HOLDINGS LIMITED,FCG
FUTURE BATTERY MINERALS LIMITED,FBM
FUTURE GENERATION GLOBAL LIMITED,FGG
GREENHY2 LIMITED,H2G
GULLEWA LIMITED,GUL
HEALTH AND PLANT PROTEIN GROUP LIMITED,HPP
HYUNDAI CAPITAL SERVICES INC.,HCS
IMPACT MINERALS LIMITED,IPT
IMPEDIMED LIMITED,IPD
INCOME ASSET MANAGEMENT GROUP LIMITED.,IAM
IONIC RARE EARTHS LIMITED,IXR
IRESS LIMITED,IRE
K & S CORPORATION LIMITED,KSC
KINGFISHER MINING LTD,KFM
KOONENBERRY GOLD LIMITED,KNB
LANTHANEIN RESOURCES LTD,LNR
LI-S ENERGY LIMITED,LIS
LIVE VERDURE LTD,LV1
MACQUARIE TECHNOLOGY GROUP LIMITED,MAQ
MAMBA EXPLORATION LIMITED,M24
MIRRABOOKA INVESTMENTS LIMITED,MIR
NAMOI COTTON LIMITED,NAM
NOXOPHARM LIMITED,NOX
NSX LIMITED,NSX
OAKAJEE CORPORATION LIMITED,OKJ
OD6 METALS LIMITED,OD6
ONEVIEW HEALTHCARE PLC,ONE
ORANGE MINERALS NL,OMX
PACGOLD LIMITED,PGO
PARAGON CARE LIMITED,PGC
PEAK RARE EARTHS LIMITED,PEK
PENGANA GLOBAL PRIVATE CREDIT TRUST,PCX
PLENTI GROUP LIMITED,PLT
PNX METALS LIMITED,PNX
POLARX LIMITED,PXX
PREMIER INVESTMENTS LIMITED,PMV
PROTEAN ENERGY LIMITED,POW
PSC INSURANCE GROUP LIMITED,PSI
QUANTUM GRAPHITE LIMITED,QGL
REA GROUP LTD,REA
READYTECH HOLDINGS LIMITED,RDY
REGAL INVESTMENT FUND,RF1
RESPIRI LIMITED,RSH
REWARDLE HOLDINGS LIMITED,RXH
RLF AGTECH LTD,RLF
ROX RESOURCES LIMITED,RXL
RUMBLE RESOURCES LIMITED,RTR
SANTA FE MINERALS LTD,SFM
SARAMA RESOURCES LTD,SRR
SAYONA MINING LIMITED,SYA
SCOUT SECURITY LIMITED,SCT
SDI LIMITED,SDI
SEEK LIMITED,SEK
SIMONDS GROUP LIMITED,SIO
SRJ TECHNOLOGIES GROUP PLC,SRJ
STAR COMBO PHARMA LIMITED,S66
STEALTH GROUP HOLDINGS LTD,SGI
STOCKLAND,SGP
STRAKER LIMITED,STG
TAMBOURAH METALS LTD,TMB
TARTANA MINERALS LIMITED,TAT
TASMAN RESOURCES LTD,TAS
TEMPLE & WEBSTER GROUP LTD,TPW
TENNANT MINERALS LIMITED,TMS
TERRACOM LIMITED,TER
THE REJECT SHOP LIMITED,TRS
THOR ENERGY PLC,THR
TITOMIC LIMITED,TTT
TORRENS SERIES 2016-1 TRUST,TTZ
TRIANGLE ENERGY (GLOBAL) LIMITED,TEG
TRINEX MINERALS LIMITED,TX3
VERIS LIMITED,VRS
WESTGOLD RESOURCES LIMITED.,WGX
WIN METALS LTD,WIN
WORLEY LIMITED,WOR
XREALITY GROUP LTD,XRG
ZETA RESOURCES LIMITED,ZER
ACORN CAPITAL INVESTMENT FUND LIMITED,ACQ
ADAIRS LIMITED,ADH
ADAVALE RESOURCES LIMITED,ADD
ADSLOT LTD.,ADS
ADVANCE ZINCTEK LIMITED,ANO
ALEXIUM INTERNATIONAL GROUP LIMITED,AJX
ALS LIMITED,ALQ
ALTAMIN LIMITED,AZI
ALTO METALS LIMITED,AME
ALUMINA LIMITED,AWC
ANSELL LIMITED,ANN
ANTERIS TECHNOLOGIES LTD,AVR
APPEN LIMITED,APX
ARIADNE AUSTRALIA LIMITED,ARA
ARUMA RESOURCES LIMITED,AAJ
AUDINATE GROUP LIMITED,AD8
AUSTRALIAN CRITICAL MINERALS LIMITED,ACM
AUSTRALIAN DAIRY NUTRITIONALS LIMITED,AHF
AUSTRALIAN MINES LIMITED,AUZ
BAPCOR LIMITED,BAP
BASTION MINERALS LIMITED,BMO
BATHURST RESOURCES LIMITED.,BRL
BEACH ENERGY LIMITED,BPT
BENDIGO AND ADELAIDE BANK LIMITED,BEN
BIOXYNE LIMITED,BXN
BOAB METALS LIMITED,BML
BOUNTY OIL & GAS NL,BUY
BROOKSIDE ENERGY LIMITED,BRK
CALIX LIMITED,CXL
CARINDALE PROPERTY TRUST,CDP
CASH CONVERTERS INTERNATIONAL,CCV
CASTILLO COPPER LIMITED,CCZ
CD PRIVATE EQUITY FUND I,CD1
CLEANAWAY WASTE MANAGEMENT LIMITED,CWY
COBRE LIMITED,CBE
CONICO LTD,CNJ
CREDIT CLEAR LIMITED,CCR
CSL FINANCE PLC,CPL
DEEP YELLOW LIMITED,DYL
DESANE GROUP HOLDINGS LIMITED,DGH
DESIGN MILK CO LIMITED,DMC
DMC MINING LIMITED.,DMM
DREADNOUGHT RESOURCES LTD,DRE
EAST 33 LIMITED..,E33
ECP EMERGING GROWTH LIMITED,ECP
EDEN INNOVATIONS LTD,EDE
ELEVATE URANIUM LTD,EL8
EMU NL,EMU
ENGENCO LIMITED,EGN
ETHERSTACK PLC,ESK
EVION GROUP NL,EVG
FAR EAST GOLD LTD,FEG
FORBIDDEN FOODS LIMITED,FFF
FREELANCER LIMITED,FLN
GALENA MINING LIMITED,G1A
GALILEO MINING LTD,GAL
GENERATION DEVELOPMENT GROUP LIMITED,GDG
GPT GROUP,GPT
GREAT WESTERN EXPLORATION LIMITED.,GTE
GREENTECH METALS LIMITED,GRE
HALO TECHNOLOGIES HOLDINGS LTD,HAL
HARVEST TECHNOLOGY GROUP LTD,HTG
HELIA GROUP LIMITED,HLI
HEXAGON ENERGY MATERIALS LIMITED,HXG
HIREMII LIMITED,HMI
INFRATIL LIMITED.,IFT
INTRA ENERGY CORPORATION LIMITED,IEC
INVEX THERAPEUTICS LTD,IXC
IRONBARK ZINC LTD,IBG
LASERBOND LIMITED,LBL
LEGEND MINING LIMITED,LEG
LITHIUM UNIVERSE LIMITED,LU7
LLOYDS BANKING GROUP PLC,LO1
LOCKSLEY RESOURCES LIMITED,LKY
LORD RESOURCES LIMITED,LRD
LOVISA HOLDINGS LIMITED,LOV
MAGNUM MINING AND EXPLORATION LIMITED,MGU
MEGADO MINERALS LTD,MEG
MEMPHASYS LIMITED.,MEM
MIGHTY CRAFT LIMITED,MCL
MIRVAC GROUP,MGR
MOAB MINERALS LIMITED,MOM
MOUNT GIBSON IRON LIMITED,MGX
MPOWER GROUP LIMITED,MPR
MURRAY COD AUSTRALIA LIMITED,MCA
NANOLLOSE LIMITED,NC6
NATIONAL RMBS TRUST 2016-1,NRM
NATIVE MINERAL RESOURCES HOLDINGS LIMITED,NMR
NETLINKZ LIMITED,NET
NEXGEN ENERGY (CANADA) LTD,NXG
NUCOAL RESOURCES LIMITED,NCR
OAKRIDGE INTERNATIONAL LIMITED,OAK
OCEANA LITHIUM LIMITED,OCN
OMNIA METALS GROUP LTD,OM1
ORICA LIMITED,ORI
PACT GROUP HOLDINGS LTD,PGH
PANCONTINENTAL ENERGY NL,PCL
PANTHER METALS LTD,PNT
PENGANA INTERNATIONAL EQUITIES LIMITED,PIA
PEOPLEIN LIMITED,PPE
PEPPER PRIME 2022-2 TRUST,PP1
PEPPER RESIDENTIAL SECURITIES TRUST NO. 30,PEA
PIEDMONT LITHIUM INC.,PLL
PILBARA MINERALS LIMITED,PLS
PLAYSIDE STUDIOS LIMITED,PLY
POWERHOUSE VENTURES LIMITED,PVL
PRAEMIUM LIMITED,PPS
PRESCIENT THERAPEUTICS LIMITED,PTX
PUMA SERIES 2019-1,PU2
PYC THERAPEUTICS LIMITED,PYC
QNB FINANCE LTD,QNB
RAIDEN RESOURCES LIMITED,RDN
RAPTIS GROUP LIMITED,RPG
RBR GROUP LIMITED,RBR
RECHARGE METALS LIMITED,REC
REEDY LAGOON CORPORATION LIMITED,RLC
REGIS HEALTHCARE LIMITED,REG
REMSENSE TECHNOLOGIES LIMITED,REM
RENERGEN LIMITED,RLT
RESONANCE HEALTH LIMITED,RHT
REVASUM INC.,RVS
RIDLEY CORPORATION LIMITED,RIC
SCENTRE GROUP TRUST 1 AND SCENTRE GROUP TRUST 2,SCA
SENSEN NETWORKS LIMITED,SNS
SERIES 2014-2 WST TRUST,WEK
SIGMA HEALTHCARE LIMITED,SIG
STAVELY MINERALS LIMITED,SVY
STRATA INVESTMENT HOLDINGS PLC,SRT
STRATEGIC ELEMENTS LIMITED,SOR
TECHNOLOGY ONE LIMITED,TNE
THORNEY OPPORTUNITIES LTD,TOP
TRIGG MINERALS LIMITED,TMG
URBANISE.COM LIMITED,UBN
VENUS METALS CORPORATION LIMITED,VMC
VULCAN ENERGY RESOURCES LIMITED,VUL
WAGNERS HOLDING COMPANY LIMITED,WGN
WEST COBAR METALS LIMITED,WC1
WHITEFIELD INDUSTRIALS LIMITED,WHF
XREF LIMITED,XF1
ZOONO GROUP LIMITED,ZNO
360 CAPITAL GROUP,TGP
5G NETWORKS LIMITED.,5GN
8VI HOLDINGS LIMITED,8VI
AFG 2022-2 TRUST IN RESPECT OF SERIES 2022-2,AF3
AIC MINES LIMITED,A1M
ALFABS AUSTRALIA LIMITED,AAL
ALMA METALS LIMITED,ALM
ALTERRA LIMITED,1AG
ANDROMEDA METALS LIMITED,ADN
ANZ GROUP HOLDINGS LIMITED,ANZ
ASARA RESOURCES LIMITED,AS1
ASTON MINERALS LIMITED,ASO
ASX LIMITED,ASX
AUSMON RESOURCES LIMITED,AOA
AUSTIN METALS LIMITED,AYT
AUSTRALIA UNITED MINING LIMITED,AYM
BALKAN MINING AND MINERALS LIMITED,BMM
BATTERY AGE MINERALS LTD,BM8
BEACON LIGHTING GROUP LIMITED,BLX
BEGA CHEESE LIMITED,BGA
BELLAVISTA RESOURCES LTD,BVR
BINDI METALS LIMITED,BIM
BKI INVESTMENT COMPANY LIMITED,BKI
BLACK CAT SYNDICATE LIMITED,BC8
BLUECHIIP LIMITED,BCT
BOD SCIENCE LIMITED,BOD
BRIDGE SAAS LIMITED,BGE
CAMPLIFY HOLDINGS LIMITED,CHL
CANNINDAH RESOURCES LIMITED,CAE
CARAVEL MINERALS LIMITED,CVV
CASSIUS MINING LIMITED,CMD
CHIMERIC THERAPEUTICS LIMITED,CHM
CLIME CAPITAL LIMITED,CAM
CLIME INVESTMENT MANAGEMENT LTD,CIW
CLOVER CORPORATION LIMITED,CLV
COGSTATE LTD,CGS
COLLINS FOODS LIMITED,CKF
CONTROL BIONICS LIMITED,CBL
DIGITALX LIMITED,DCC
ELANOR COMMERCIAL PROPERTY FUND,ECF
ESTRELLA RESOURCES LIMITED,ESR
EUROPEAN LITHIUM LIMITED,EUR
EVE HEALTH GROUP LIMITED.,EVE
EVT LIMITED,EVT
EXCITE TECHNOLOGY SERVICES LTD,EXT
FFI HOLDINGS LIMITED,FFI
FIRST ABU DHABI BANK PJSC,FA2
FIRST AU LIMITED,FAU
FRUGL GROUP LIMITED,FGL
GENETIC SIGNATURES LIMITED,GSS
GENUSPLUS GROUP LTD,GNP
GLG CORP LTD,GLE
GLOBAL LITHIUM RESOURCES LIMITED,GL1
GRAND GULF ENERGY LIMITED,GGE
GREENVALE ENERGY LTD,GRV
HEARTS AND MINDS INVESTMENTS LIMITED,HM1
HILLGROVE RESOURCES LIMITED,HGO
HMC CAPITAL LIMITED,HMC
I SYNERGY GROUP LIMITED,IS3
INFOMEDIA LTD,IFM
INVESTOR CENTRE LIMITED,ICU
IVE GROUP LIMITED,IGL
KAILI RESOURCES LIMITED,KLR
KALI METALS LIMITED,KM1
KNOSYS LIMITED,KNO
KOBA RESOURCES LIMITED,KOB
LAKE RESOURCES N.L.,LKE
LION SERIES 2022-1 TRUST,LN1
LYCOPODIUM LIMITED,LYL
MADER GROUP LIMITED,MAD
MAKO GOLD LIMITED,MKG
MAYUR RESOURCES LIMITED,MRL
MEDALLION TRUST SERIES 2017-1,MZ1
MERCHANT HOUSE INTERNATIONAL LIMITED,MHI
METALLICA MINERALS LIMITED,MLM
METRICS INCOME OPPORTUNITIES TRUST,MOT
MICRO-X LIMITED,MX1
MONEYME LIMITED,MME
NATIONWIDE BUILDING SOCIETY.,NBS
NEUREN PHARMACEUTICALS LIMITED,NEU
NEW SOUTH WALES TREASURY CORPORATION,XNC
NEW ZEALAND KING SALMON INVESTMENTS LIMITED,NZK
NINE ENTERTAINMENT CO. HOLDINGS LIMITED,NEC
NOBLE HELIUM LIMITED,NHE
NORTHERN MINERALS LIMITED,NTU
NUHEARA LIMITED,NUH
NUIX LIMITED,NXL
ORCODA LIMITED,ODA
ORDELL MINERALS LIMITED,ORD
PACIFIC NICKEL MINES LIMITED,PNM
PENTANET LIMITED,5GG
PIVOTAL METALS LIMITED,PVT
POLYNOVO LIMITED,PNV
PRESTAL HOLDINGS LIMITED,PTL
PRODIGY GOLD NL,PRX
PROGRESS 2023-2 TRUST,POH
PUREPROFILE LTD,PPL
PWR HOLDINGS LIMITED,PWH
QANTAS AIRWAYS LIMITED,QAN
QUESTE COMMUNICATIONS LIMITED,QUE
QUICKSTEP HOLDINGS LIMITED,QHL
RAGNAR METALS LIMITED,RAG
RAMSAY HEALTH CARE LIMITED,RHC
REEF CASINO TRUST,RCT
REGIS RESOURCES LIMITED,RRL
RELIANCE WORLDWIDE CORPORATION LIMITED,RWC
RESIMAC GROUP LTD,RMC
RESOURO STRATEGIC METALS INC.,RAU
RIMFIRE PACIFIC MINING LIMITED,RIM
ROCKETBOOTS LIMITED,ROC
RTG MINING INC.,RTG
SANTANA MINERALS LIMITED,SMI
SG FLEET GROUP LIMITED,SGF
SHRIRO HOLDINGS LIMITED,SHM
SI6 METALS LIMITED,SI6
SIERRA RUTILE HOLDINGS LIMITED,SRX
SIETEL LIMITED,SSL
SIMS LIMITED,SGM
SOUTHERN CROSS GOLD LTD,SXG
SOVEREIGN CLOUD HOLDINGS LIMITED,SOV
SUPERLOOP LIMITED,SLC
TARUGA MINERALS LIMITED,TAR
TASK GROUP HOLDINGS LIMITED,TSK
THE A2 MILK COMPANY LIMITED,A2M
THE CALMER CO INTERNATIONAL LIMITED,CCO
THE GO2 PEOPLE LTD,GO2
THOMSON RESOURCES LIMITED,TMZ
TLOU ENERGY LIMITED,TOU
TOMBADOR IRON LIMITED,TI1
TOP END ENERGY LIMITED,TEE
TOUBANI RESOURCES LIMITED,TRE
TRAKA RESOURCES LIMITED,TKL
TRITON MINERALS LTD,TON
VARISCAN MINES LIMITED,VAR
VEEM LTD,VEE
WINGARA AG LTD,WNR
YOWIE GROUP LTD,YOW
ZIMI LIMITED,ZMM
333D LIMITED,T3D
5E ADVANCED MATERIALS INC.,5EA
ABX GROUP LIMITED,ABX
ACTINOGEN MEDICAL LIMITED,ACW
ACTIVEPORT GROUP LTD,ATV
ALARA RESOURCES LIMITED,AUQ
AMERICAN RARE EARTHS LIMITED,ARR
AMP LIMITED,AMP
ANATARA LIFESCIENCES LTD,ANR
APOLLO SERIES 2015-1 TRUST,AOL
AQUIRIAN LIMITED,AQN
ARDEA RESOURCES LIMITED,ARL
ASIAN BATTERY METALS PLC,AZ9
AURUM RESOURCES LIMITED,AUE
AUSTRALIAN RARE EARTHS LIMITED,AR3
AUSTRALIAN UNITY LIMITED,AYU
BWP TRUST,BWP
CANTERBURY RESOURCES LIMITED,CBY
CAPE RANGE LTD,CAG
CAQ HOLDINGS LIMITED,CAQ
CHALLENGER GOLD LIMITED,CEL
CHARTER HALL RETAIL REIT,CQR
CLEAN SEAS SEAFOOD LIMITED,CSS
CLEARVIEW WEALTH LIMITED,CVW
CODRUS MINERALS LIMITED,CDR
COSOL LIMITED,COS
CRITICAL RESOURCES LIMITED,CRR
CYNATA THERAPEUTICS LIMITED,CYP
DART MINING NL,DTM
DATELINE RESOURCES LIMITED,DTR
DEVEX RESOURCES LIMITED,DEV
DIABLO RESOURCES LIMITED,DBO
DICKER DATA LIMITED,DDR
DRA GLOBAL LIMITED,DRA
DRIVER AUSTRALIA MASTER TRUST,DAM
EILDON CAPITAL GROUP,EDC
EMPIRE RESOURCES LIMITED,ERL
ENCOUNTER RESOURCES LIMITED,ENR
ENVIROSUITE LIMITED,EVS
EVZ LIMITED,EVZ
FENIX RESOURCES LTD,FEX
FIRSTWAVE CLOUD TECHNOLOGY LIMITED,FCT
FLAGSHIP INVESTMENTS LIMITED,FSI
FLIGHT CENTRE TRAVEL GROUP LIMITED,FLT
GOLDEN CROSS RESOURCES LTD,GCR
GOLDEN STATE MINING LIMITED,GSM
GRAINCORP LIMITED,GNC
GTN LIMITED,GTN
HALO FOOD CO. LIMITED,HLF
HARTSHEAD RESOURCES NL,HHR
HAZER GROUP LIMITED,HZR
HEARTLAND GROUP HOLDINGS LIMITED,HGH
HELIOS ENERGY LTD,HE8
HORIZON MINERALS LIMITED,HRZ
HUMM GROUP LIMITED,HUM
IMAGE RESOURCES NL,IMA
INTERSTAR MILLENNIUM SERIES 2004-1E TRUST,IMQ
INVESTSMART GROUP LIMITED,INV
INVION LIMITED,IVX
ITECH MINERALS LTD,ITM
JANISON EDUCATION GROUP LIMITED,JAN
K2FLY LIMITED,K2F
KAIROS MINERALS LIMITED,KAI
KING RIVER RESOURCES LIMITED,KRR
KIP MCGRATH EDUCATION CENTRES LIMITED,KME
KRAKATOA RESOURCES LIMITED,KTA
LA TROBE FINANCIAL CAPITAL MARKETS TRUST 2021-1,LT2
LA TROBE FINANCIAL CAPITAL MARKETS TRUST 2023-2,LR4
LARAMIDE RESOURCES LTD,LAM
LARK DISTILLING CO. LTD,LRK
LATITUDE GROUP HOLDINGS LIMITED,LFS
LION ONE METALS LIMITED,LLO
MACH7 TECHNOLOGIES LIMITED,M7T
MARVEL GOLD LIMITED,MVL
MAYFIELD CHILDCARE LIMITED,MFD
MEDALLION TRUST SERIES 2014-1P,MPZ
MEDALLION TRUST SERIES 2016-1,MZF
MERCURY NZ LIMITED,MCY
METALS ACQUISITION LIMITED,MAC
MOHO RESOURCES LIMITED,MOH
NICKEL INDUSTRIES LIMITED,NIC
NICKELX LIMITED,NKL
NUCHEV LIMITED,NUC
NUTRITIONAL GROWTH SOLUTIONS LTD,NGS
OMNI BRIDGEWAY LIMITED,OBL
ORA BANDA MINING LTD,OBM
ORIGIN ENERGY LIMITED,ORG
PANORAMIC RESOURCES LIMITED,PAN
PARKD LTD,PKD
PATRYS LIMITED,PAB
PEPPER RESIDENTIAL SECURITIES TRUST NO. 39,PEP
PEPPER SPARKZ TRUST NO.5,PE5
PEREGRINE GOLD LTD,PGD
PERPETUAL RESOURCES LIMITED,PEC
PLATINA RESOURCES LIMITED,PGM
QEM LIMITED,QEM
QX RESOURCES LIMITED,QXR
RAS TECHNOLOGY HOLDINGS LIMITED,RTH
RED HILL MINERALS LIMITED,RHI
REDCASTLE RESOURCES LIMITED,RC1
REGAL PARTNERS LIMITED,RPL
RESMED INC,RMD
RESOLUTE MINING LIMITED,RSG
RESOLUTION MINERALS LTD,RML
REVOLVER RESOURCES HOLDINGS LTD,RRR
RICHMOND VANADIUM TECHNOLOGY LIMITED,RVT
ROOTS SUSTAINABLE AGRICULTURAL TECHNOLOGIES LTD,ROO
SCIDEV LTD,SDV
SECOS GROUP LTD,SES
SERIES 2024-1 WST TRUST,WS1
SEVEN GROUP HOLDINGS LIMITED,SVW
SHINE JUSTICE LTD,SHJ
SITE GROUP INTERNATIONAL LIMITED,SIT
SOUTHERN HEMISPHERE MINING LIMITED,SUH
SPHERIA EMERGING COMPANIES LIMITED,SEC
SUPERIOR RESOURCES LIMITED,SPQ
SWIFT NETWORKS GROUP LIMITED,SW1
TANAMI GOLD NL,TAM
TELSTRA CORPORATION LIMITED..,TL1
TOP SHELF INTERNATIONAL HOLDINGS LTD,TSI
TURACO GOLD LIMITED,TCG
UNIBAIL-RODAMCO-WESTFIELD,URW
UNIVERSAL BIOSENSORS INC.,UBI
WAYPOINT REIT,WPR
WEBJET LIMITED,WEB
WEST WITS MINING LIMITED,WWI
WHITEBARK ENERGY LTD,WBE
XANADU MINES LTD,XAM
ZOOM2U TECHNOLOGIES LIMITED,Z2U
4DMEDICAL LIMITED,4DX
ADALTA LIMITED,1AD
ADMIRALTY RESOURCES NL.,ADY
AIR NEW ZEALAND LIMITED,AIZ
ALLIANCE NICKEL LIMITED,AXN
ALLUP SILICA LIMITED,APS
AMCIL LIMITED,AMH
ARB CORPORATION LIMITED.,ARB
ARGENT BIOPHARMA LIMITED,RGT
ARTICORE GROUP LIMITED,ATG
ARTRYA LIMITED,AYA
ASHLEY SERVICES GROUP LIMITED,ASH
ASPIRE MINING LIMITED,AKM
ASTRAL RESOURCES NL,AAR
AURORA LABS LIMITED,A3D
AUSGOLD LIMITED,AUC
AUSTIN ENGINEERING LIMITED,ANG
AUSTRALASIAN METALS LIMITED,A8G
BCAL DIAGNOSTICS LIMITED,BDX
BELL FINANCIAL GROUP LIMITED,BFG
BIO-GENE TECHNOLOGY LTD,BGT
BISALLOY STEEL GROUP LIMITED,BIS
BOUGAINVILLE COPPER LIMITED,BOC
BRAINCHIP HOLDINGS LTD,BRN
CANN GROUP LIMITED,CAN
CAPSTONE COPPER CORP.,CSC
CATALANO SEAFOOD LTD,CSF
CENTREX LIMITED,CXM
CLARITY PHARMACEUTICALS LTD,CU6
CLINUVEL PHARMACEUTICALS LIMITED,CUV
COMMS GROUP LTD,CCG
COSMO METALS LIMITED,CMO
CRITICAL MINERALS GROUP LIMITED,CMG
DE.MEM LIMITED,DEM
DECMIL GROUP LIMITED,DCG
DELTA LITHIUM LIMITED,DLI
DOMINION MINERALS LIMITED,DLM
DOUUGH LIMITED,DOU
DUNDAS MINERALS LIMITED,DUN
EMETALS LIMITED,EMT
ENERO GROUP LIMITED,EGG
ENTYR LIMITED,ETR
EP&T GLOBAL LIMITED,EPX
EQ RESOURCES LIMITED,EQR
ERRAWARRA RESOURCES LTD,ERW
EVOLUTION ENERGY MINERALS LIMITED,EV1
EXCELSIOR CAPITAL LTD,ECL
FINDER ENERGY HOLDINGS LIMITED,FDR
FIRSTMAC MORTGAGE FUNDING TRUST NO.4 SERIES 2-2020,FM5
FIRSTMAC MORTGAGE FUNDING TRUST NO.4 SERIES 3PP-2019,FM4
FLEXIROAM LIMITED,FRX
FORRESTANIA RESOURCES LIMITED,FRS
GENETIC TECHNOLOGIES LIMITED,GTG
GOLDEN DEEPS LIMITED.,GED
GREENWING RESOURCES LTD,GW1
GREENX METALS LIMITED,GRX
IDT AUSTRALIA LIMITED,IDT
INSURANCE AUSTRALIA GROUP LIMITED,IAG
IRON ROAD LIMITED,IRD
JUPITER MINES LIMITED.,JMS
KINGSROSE MINING LIMITED,KRM
LA TROBE FINANCIAL CAPITAL MARKETS TRUST 2023-1,LR1
LIBERTY FINANCIAL GROUP,LFG
LIBERTY PRIME SERIES 2021-1,LP1
LIFE360 INC.,360
LIGHT & WONDER INC.,LNW
LOVE GROUP GLOBAL LTD,LVE
MACQUARIE GROUP LIMITED,MQG
MACRO METALS LIMITED,M4M
METALS AUSTRALIA LTD,MLS
N1 HOLDINGS LIMITED,N1H
NATIONAL RMBS TRUST 2015-1 SERIES 2015-1,NAJ
NETWEALTH GROUP LIMITED,NWL
NEXTED GROUP LIMITED,NXD
OREXPLORE TECHNOLOGIES LIMITED,OXT
OTTO ENERGY LIMITED,OEL
PERENTI LIMITED,PRN
PETRATHERM LTD,PTR
PHARMAUST LIMITED,PAA
PLATINUM ASSET MANAGEMENT LIMITED,PTM
PLATO INCOME MAXIMISER LIMITED.,PL8
PROGRESS 2021-1 TRUST,POB
RESOURCE DEVELOPMENT GROUP LIMITED,RDG
RUBIX RESOURCES LIMITED,RB6
RYDER CAPITAL LIMITED,RYD
SEQUOIA FINANCIAL GROUP LTD,SEQ
SIERRA NEVADA GOLD INC.,SNX
SOCO CORPORATION LTD,SOC
SOLSTICE MINERALS LIMITED,SLS
SOVEREIGN METALS LIMITED,SVM
SRG GLOBAL LIMITED,SRG
SSR MINING INC.,SSR
SUNRISE ENERGY METALS LIMITED,SRL
TASMEA LIMITED,TEA
TEN SIXTY FOUR LIMITED,X64
TOURISM HOLDINGS RENTALS LIMITED,THL
TRUE NORTH COPPER LIMITED,TNC
TRUSCOTT MINING CORPORATION LIMITED,TRM
TRUSCREEN GROUP LIMITED,TRU
TUNGSTEN MINING NL,TGN
UNITH LTD,UNT
USCOM LIMITED,UCM
VERBREC LIMITED,VBC
VINTAGE ENERGY LTD,VEN
VIVA LEISURE LIMITED,VVA
WARRIEDAR RESOURCES LIMITED,WA8
WOOLWORTHS GROUP LIMITED,WOW
YANCOAL AUSTRALIA LIMITED,YAL
ABACUS STORAGE KING,ASK
ACDC METALS LTD,ADC
ADORE BEAUTY GROUP LIMITED,ABY
ALLEGRA MEDICAL TECHNOLOGIES LIMITED,AMT
ALTHEA GROUP HOLDINGS LIMITED,AGH
ARENA REIT.,ARF
ARMADA METALS LIMITED,AMM
ASPEN GROUP,APZ
ATOMO DIAGNOSTICS LIMITED,AT1
AUDIO PIXELS HOLDINGS LIMITED,AKP
AUSTAL LIMITED,ASB
AUSTRALIAN VINTAGE LTD,AVG
AUTOSPORTS GROUP LIMITED.,ASG
BEFOREPAY GROUP LIMITED,B4P
BEONIC LTD,BEO
BIGTINCAN HOLDINGS LIMITED,BTH
BIRDDOG TECHNOLOGY LIMITED,BDT
BLAZE MINERALS LIMITED,BLZ
BNK BANKING CORPORATION LIMITED,BBC
BOTALA ENERGY LTD,BTE
BREVILLE GROUP LIMITED,BRG
CAPRICE RESOURCES LTD,CRS
CARAWINE RESOURCES LIMITED,CWX
CARNARVON ENERGY LIMITED,CVN
CHALICE MINING LIMITED,CHN
COMPUMEDICS LIMITED,CMP
CONNEXION MOBILITY LTD,CXZ
COOLABAH METALS LIMITED,CBH
CORELLA RESOURCES LTD,CR9
CREDIT INTELLIGENCE LTD,CI1
CUFE LTD,CUF
CYGNUS METALS LIMITED,CY5
DESOTO RESOURCES LIMITED,DES
DEXUS,DXS
DISCOVERY ALASKA LIMITED,DAF
DRAGON MOUNTAIN GOLD LIMITED,DMG
ELEMENT 25 LIMITED,E25
ELEMENTOS LIMITED,ELT
ELIXIR ENERGY LIMITED,EXR
EMBARK EARLY EDUCATION LIMITED,EVO
EML PAYMENTS LIMITED,EML
ENERGY TRANSITION MINERALS LTD,ETM
ENTERPRISE METALS LIMITED,ENT
EQUUS MINING LIMITED,EQE
EVERGREEN LITHIUM LIMITED,EG1
FELIX GOLD LIMITED,FXG
FIRETAIL RESOURCES LIMITED,FTL
FRONTIER DIGITAL VENTURES LIMITED,FDV
FUSE MINERALS LIMITED,FSE
FUTURE GENERATION AUSTRALIA LIMITED,FGX
GALAN LITHIUM LIMITED,GLN
GENESIS MINERALS LIMITED,GMD
GRATIFII LIMITED,GTI
GTI ENERGY LTD,GTR
HAWSONS IRON LTD,HIO
HEAVY RARE EARTHS LIMITED,HRE
HUB24 LIMITED,HUB
HYGROVEST LIMITED,HGV
HYTERRA LTD,HYT
IMEXHS LIMITED,IME
IMUGENE LIMITED,IMU
INGHAMS GROUP LIMITED,ING
INTERNATIONAL EQUITIES CORPORATION LIMITED.,IEQ
JAYRIDE GROUP LIMITED,JAY
JINDALEE LITHIUM LIMITED,JLL
KAROON ENERGY LTD,KAR
KFW,KFW
KINETIKO ENERGY LTD,KKO
KMD BRANDS LIMITED,KMD
KUNIKO LIMITED,KNI
LEFROY EXPLORATION LIMITED,LEX
LIBERTY SERIES 2020-3,LI9
LINDSAY AUSTRALIA LIMITED,LAU
LION ENERGY LIMITED,LIO
LIONTOWN RESOURCES LIMITED,LTR
LITCHFIELD MINERALS LIMITED,LMS
LIVEHIRE LIMITED,LVH
LUMOS DIAGNOSTICS HOLDINGS LIMITED,LDX
M3 MINING LIMITED,M3M
MAGNETITE MINES LIMITED.,MGT
MANHATTAN CORPORATION LIMITED,MHC
MARQUEE RESOURCES LIMITED,MQR
MCMILLAN SHAKESPEARE LIMITED,MMS
MCS SERVICES LIMITED,MSG
METRO FINANCE 2023-1 TRUST,MF3
MFF CAPITAL INVESTMENTS LIMITED,MFF
MONASH IVF GROUP LIMITED,MVF
MORELLA CORPORATION LIMITED,1MC
NATIONAL AUSTRALIA BANK LIMITED,NAB
NATIONAL STORAGE REIT,NSR
NEW HOPE CORPORATION LIMITED,NHC
NEW TALISMAN GOLD MINES LIMITED,NTL
NEW ZEALAND OIL & GAS LIMITED,NZO
NORONEX LIMITED,NRX
NORWEST MINERALS LIMITED,NWM
ODESSA MINERALS LIMITED,ODE
ODYSSEY GOLD LTD,ODY
OM HOLDINGS LIMITED,OMH
ORBITAL CORPORATION LIMITED,OEC
ORDINARY (UNLISTED/LISTED - COSACS),ZOR
ORION EQUITIES LIMITED,OEQ
PANORAMA AUTO TRUST 2024-1,PA2
PEEL MINING LIMITED,PEX
PENGANA PRIVATE EQUITY TRUST,PE1
PHARMX TECHNOLOGIES LIMITED,PHX
PILOT ENERGY LIMITED,PGY
POINTSBET HOLDINGS LIMITED,PBH
PROMINENCE ENERGY LIMITED,PRM
QUEENSLAND PACIFIC METALS LIMITED,QPM
QUICKFEE LIMITED,QFE
RADIOPHARM THERANOSTICS LIMITED,RAD
RAMELIUS RESOURCES LIMITED,RMS
RANGE INTERNATIONAL LIMITED,RAN
REECE LIMITED,REH
RENT.COM.AU LIMITED,RNT
RESOURCE MINING CORPORATION LIMITED,RMI
RESOURCES & ENERGY GROUP LIMITED,REZ
REY RESOURCES LIMITED,REY
RHYTHM BIOSCIENCES LIMITED,RHY
RIVERSGOLD LIMITED,RGL
RUBICON WATER LIMITED,RWL
SANDON CAPITAL INVESTMENTS LIMITED,SNC
SANTOS FINANCE LIMITED,SFV
SATURN METALS LIMITED,STN
SEAFARMS GROUP LIMITED,SFG
SMARTGROUP CORPORATION LTD,SIQ
SPENDA LIMITED,SPX
TESORO GOLD LTD,TSO
THETA GOLD MINES LIMITED,TGM
TRANSURBAN FINANCE COMPANY PTY LTD,TA1
TRIBECA GLOBAL NATURAL RESOURCES LIMITED,TGF
TRIVARX LTD,TRI
WELLFULLY LIMITED,WFL
WESTERN GOLD RESOURCES LIMITED.,WGR
WHITE ENERGY COMPANY LIMITED,WEC
XAMBLE GROUP LIMITED,XGL
ZEUS RESOURCES LIMITED,ZEU
1414 DEGREES LIMITED,14D
ADRAD HOLDINGS LIMITED,AHL
AGL ENERGY LIMITED.,AGL
ALICANTO MINERALS LIMITED,AQI
ALMONTY INDUSTRIES INC.,AII
ALPHA HPA LIMITED,A4N
AMANI GOLD LIMITED,ANL
ANAX METALS LIMITED,ANX
ANEKA TAMBANG (PERSERO) TBK (PT),ATM
ARCADIA MINERALS LIMITED,AM7
ARMOUR ENERGY LIMITED,AJQ
ASPERMONT LIMITED.,ASP
AUSQUEST LIMITED,AQD
AUSTRAL RESOURCES AUSTRALIA LTD,AR1
AUSTRALIAN AGRICULTURAL PROJECTS LIMITED,AAP
AUSTRALIAN ETHICAL INVESTMENT LIMITED,AEF
AUSTRALIAN STRATEGIC MATERIALS LIMITED,ASM
BLACK ROCK MINING LIMITED,BKT
BOWEN COKING COAL LIMITED,BCB
BRAMBLES LIMITED,BXB
BRAVURA SOLUTIONS LIMITED.,BVS
BSP FINANCIAL GROUP LIMITED,BFL
C29 METALS LIMITED,C29
CARBONXT GROUP LIMITED,CG1
CGN RESOURCES LIMITED,CGR
CHARIOT CORPORATION LTD,CC9
CHARTER HALL SOCIAL INFRASTRUCTURE REIT,CQE
CITY CHIC COLLECTIVE LIMITED,CCX
CLARA RESOURCES AUSTRALIA LTD,C7A
CLEANSPACE HOLDINGS LIMITED,CSX
CLOSE THE LOOP LTD.,CLG
CLUEY LTD,CLU
COAST ENTERTAINMENT HOLDINGS LIMITED,CEH
CODA MINERALS LTD,COD
CONSTELLATION RESOURCES LIMITED,CR1
CONSTELLATION TECHNOLOGIES LIMITED,CT1
CULLEN RESOURCES LIMITED,CUL
CYPRIUM METALS LIMITED,CYM
DETERRA ROYALTIES LIMITED,DRR
DOMACOM LIMITED,DCL
DOMAIN HOLDINGS AUSTRALIA LIMITED.,DHG
DTI GROUP LTD,DTI
ECARGO HOLDINGS LIMITED,ECG
ELIXINOL WELLNESS LIMITED,EXL
ENERGY ONE LIMITED,EOL
EURO MANGANESE INC,EMN
EVEREST METALS CORPORATION LTD,EMC
EXPERIENCE CO LIMITED,EXP
FLEXI ABS TRUST 2019-2,FA1
FOCUS MINERALS LTD,FML
FORESTA GROUP HOLDINGS LIMITED,FGH
GENEX POWER LIMITED,GNX
GOLD ROAD RESOURCES LIMITED,GOR
HEAVY MINERALS LIMITED,HVY
HELIX RESOURCES LIMITED,HLX
HIGH-TECH METALS LTD,HTM
HOT CHILI LIMITED,HCH
HYDRIX LIMITED,HYD
IDP EDUCATION LIMITED,IEL
ILUKA RESOURCES LIMITED,ILU
IONEER LTD,INR
IRIS METALS LIMITED,IR1
JAMES HARDIE INDUSTRIES PLC,JHX
JERVOIS GLOBAL LIMITED,JRV
K2 ASSET MANAGEMENT HOLDINGS LTD,KAM
KELSIAN GROUP LIMITED,KLS
KORAB RESOURCES LIMITED,KOR
LATIN RESOURCES LIMITED,LRS
LATROBE MAGNESIUM LIMITED,LMG
LCL RESOURCES LIMITED,LCL
LITHIUM PLUS MINERALS LTD.,LPM
MAGELLAN FINANCIAL GROUP LIMITED,MFG
MANUKA RESOURCES LTD.,MKR
MCPHERSON'S LIMITED,MCP
MELODIOL GLOBAL HEALTH LIMITED,ME1
MESOBLAST LIMITED,MSB
METAL BANK LIMITED,MBK
METAL HAWK LIMITED.,MHK
METRICS MASTER INCOME TRUST,MXT
METRO PERFORMANCE GLASS LIMITED,MPP
MICROBA LIFE SCIENCES LIMITED,MAP
MINDAX LIMITED,MDX
MIRAMAR RESOURCES LIMITED,M2R
MLG OZ LIMITED,MLG
NANOSONICS LIMITED,NAN
NICO RESOURCES LIMITED,NC1
NIMY RESOURCES LIMITED,NIM
NOUMI LIMITED,NOU
NUENERGY GAS LIMITED,NGY
NUFARM LIMITED,NUF
OPYL LIMITED,OPL
OSMOND RESOURCES LIMITED,OSM
PATAGONIA LITHIUM LTD,PL3
PEPPERMINT INNOVATION LIMITED,PIL
PEXA GROUP LIMITED,PXA
PLATINUM CAPITAL LIMITED,PMC
PO VALLEY ENERGY LIMITED,PVE
PROGRESS 2020-1 TRUST,POA
PROSPA GROUP LIMITED.,PGL
QMINES LIMITED,QML
QORIA LIMITED,QOR
QUEENSLAND TREASURY CORPORATION,XQL
RAGUSA MINERALS LTD,RAS
RED 5 LIMITED,RED
RESOURCE BASE LIMITED.,RBX
RINCON RESOURCES LIMITED,RCR
ROCKETDNA LTD.,RKT
SERIES 2020-1 WST TRUST,WB1
SOLVAR LIMITED,SVR
SPRINTEX LIMITED,SIX
STANMORE RESOURCES LIMITED,SMR
STAUDE CAPITAL GLOBAL VALUE FUND LIMITED,GVF
STEAMSHIPS TRADING COMPANY LIMITED,SST
STORY-I LIMITED,SRY
STRIKE ENERGY LIMITED,STX
STRUCTURAL MONITORING SYSTEMS PLC,SMN
SUPER RETAIL GROUP LIMITED,SUL
TABCORP HOLDINGS LIMITED,TAH
TALGA GROUP LTD,TLG
TEST SECURITY,TES
THE HYDRATION PHARMACEUTICALS COMPANY LIMITED,HPC
THE MARKET LIMITED,MKT
TREASURY CORPORATION OF VICTORIA,XVG
UVRE LIMITED,UVA
VGI PARTNERS GLOBAL INVESTMENTS LIMITED,VG1
VITAL METALS LIMITED,VML
VITURA HEALTH LIMITED,VIT
VMOTO LIMITED,VMT
VONEX LIMITED..,VN8
WA KAOLIN LIMITED,WAK
WAY 2 VAT LTD.,W2V
WCM GLOBAL GROWTH LIMITED,WQG
WESTERN YILGARN NL,WYX
WILDCAT RESOURCES LIMITED,WC8
WOOMERA MINING LIMITED,WML
YARI MINERALS LIMITED,YAR
YOJEE LIMITED,YOJ
ZELIRA THERAPEUTICS LIMITED,ZLD
ACCELERATE RESOURCES LIMITED,AX8
ACUMENTIS GROUP LIMITED,ACU
ADACEL TECHNOLOGIES LIMITED,ADA
ADELONG GOLD LIMITED,ADG
ADVERITAS LIMITED,AV1
AEON METALS LIMITED.,AML
AGRIMIN LIMITED,AMN
ALDERAN RESOURCES LIMITED,AL8
ALTAIR MINERALS LIMITED,ALR
ALTERITY THERAPEUTICS LIMITED,ATH
ANAGENICS LIMITED,AN1
ANTEOTECH LTD,ADO
APA GROUP,APA
ARAFURA RARE EARTHS LTD,ARU
ARGENICA THERAPEUTICS LIMITED,AGN
ARGOSY MINERALS LIMITED,AGY
AROA BIOSURGERY LIMITED,ARX
ASIAN DEVELOPMENT BANK,ATB
AUKING MINING LIMITED,AKN
AUSTRALIAN PACIFIC COAL LIMITED,AQC
AUSTRALIAN UNITED INVESTMENT COMPANY LIMITED,AUI
AVA RISK GROUP LIMITED,AVA
BALLYMORE RESOURCES LIMITED,BMR
BIOME AUSTRALIA LIMITED,BIO
BIOTRON LIMITED,BIT
BLUEBET HOLDINGS LTD,BBT
BOOM LOGISTICS LIMITED,BOL
BPH ENERGY LTD,BPH
BRAZILIAN CRITICAL MINERALS LIMITED,BCM
BRICKWORKS LIMITED,BKW
BRISCOE GROUP AUSTRALASIA LIMITED,BGP
BSA LIMITED,BSA
CAMBIUM BIO LIMITED,CMB
CARBINE RESOURCES LIMITED,CRB
CARDNO LIMITED,CDD
CENTURIA CAPITAL GROUP,CNI
CHALLENGER LIMITED,CGF
COBRAM ESTATE OLIVES LIMITED,CBO
COMMONWEALTH BANK OF AUSTRALIA.,CBA
CUE ENERGY RESOURCES LIMITED,CUE
CYCLOPHARM LIMITED,CYC
DANAKALI LIMITED,DNK
DIATREME RESOURCES LIMITED,DRX
DOWNER EDI LIMITED,DOW
DUBBER CORPORATION LIMITED,DUB
DURATEC LIMITED,DUR
DY6 METALS LTD,DY6
EASTERN RESOURCES LIMITED,EFE
EBR SYSTEMS INC.,EBR
EMPIRE ENERGY GROUP LIMITED,EEG
ENDEAVOUR GROUP LIMITED,EDV
ENERGY TECHNOLOGIES LIMITED,EGY
ENERGY WORLD CORPORATION LTD,EWC
EQT HOLDINGS LIMITED,EQT
EROAD LIMITED,ERD
FAR NORTHERN RESOURCES LIMITED,FNR
FBR LTD,FBR
FINEXIA FINANCIAL GROUP LIMITED,FNX
FINTECH CHAIN LIMITED,FTC
FIRST GRAPHENE LIMITED,FGR
FIRST LITHIUM LIMITED,FL1
FIRSTMAC MORTGAGE FUNDING TRUST NO.4 SERIES 4-2019,FM1
FISHER & PAYKEL HEALTHCARE CORPORATION LIMITED,FPH
FRONTIER ENERGY LIMITED,FHE
GARDA PROPERTY GROUP,GDF
GLOBE INTERNATIONAL LIMITED,GLB
GOOD DRINKS AUSTRALIA LTD,GDA
GREAT NORTHERN MINERALS LIMITED,GNM
HANSEN TECHNOLOGIES LIMITED,HSN
HITIQ LIMITED,HIQ
HOLISTA COLLTECH LIMITED,HCT
HOTEL PROPERTY INVESTMENTS,HPI
IMDEX LIMITED,IMD
INCA MINERALS LIMITED,ICG
INVENTIS LIMITED,IVT
IPH LIMITED,IPH
JAMES BAY MINERALS LIMITED,JBY
JATCORP LIMITED,JAT
JAYEX TECHNOLOGY LIMITED,JTL
K-TIG LIMITED,KTG
LAKES BLUE ENERGY NL,LKO
LEEUWIN METALS LTD,LM1
LIFESTYLE COMMUNITIES LIMITED,LIC
LIGHTNING MINERALS LTD,L1M
LINIUS TECHNOLOGIES LIMITED,LNU
MACARTHUR MINERALS LIMITED,MIO
MAGELLAN GLOBAL FUND.,MGF
MEDLAB CLINICAL LIMITED,MDC
MEGAPORT LIMITED,MP1
METALICITY LIMITED,MCT
MMA OFFSHORE LIMITED,MRM
MULTISTACK INTERNATIONAL LIMITED,MSI
MY FOODIE BOX LIMITED,MBX
NAVARRE MINERALS LIMITED,NML
NORTH STAWELL MINERALS LTD,NSM
NORTHERN STAR RESOURCES LTD,NST
NT MINERALS LIMITED,NTM
OFX GROUP LIMITED,OFX
OPTISCAN IMAGING LIMITED,OIL
OVANTI LIMITED,OVT
PEARL GULL IRON LIMITED,PLG
PERCHERON THERAPEUTICS LIMITED,PER
PPK GROUP LIMITED,PPK
PREMIER1 LITHIUM LIMITED,PLC
PUMA SERIES 2023-1 TRUST,PUT
PVW RESOURCES LIMITED,PVW
REGENER8 RESOURCES NL,R8R
REWARD MINERALS LTD,RWD
ROOLIFE GROUP LTD,RLG
SACGASCO LIMITED,SGC
SERVICE STREAM LIMITED,SSM
SIHAYO GOLD LIMITED,SIH
SKIN ELEMENTS LIMITED,SKN
SSH GROUP LTD,SSH
STATE GAS LIMITED,GAS
STEADFAST GROUP LIMITED,SDF
TAITON RESOURCES LIMITED,T88
TAMAWOOD LIMITED,TWD
TERRAMIN AUSTRALIA LIMITED.,TZN
THUNDERBIRD RESOURCES LIMITED,THB
TORRENS SERIES 2015-1 TRUST,TNJ
WALKABOUT RESOURCES LTD,WKT
WAM GLOBAL LIMITED,WGB
WAM LEADERS LIMITED,WLE
WAM STRATEGIC VALUE LIMITED,WAR
WASHINGTON H SOUL PATTINSON & COMPANY LIMITED,SOL
WISEWAY GROUP LIMITED,WWG
WT FINANCIAL GROUP LIMITED,WTL
YPB GROUP LTD,YPB
360 CAPITAL MORTGAGE REIT,TCF
3D ENERGI LIMITED,TDO
8I HOLDINGS LTD,8IH
AERIS RESOURCES LIMITED,AIS
AEROMETREX LIMITED,AMX
AMBERTECH LIMITED,AMO
ANTILLES GOLD LIMITED,AAU
ARCADIUM LITHIUM PLC,LTM
ARGO INVESTMENTS LIMITED,ARG
AUDEARA LIMITED,AUA
AURUMIN LIMITED,AUN
AUSTRALIAN BOND EXCHANGE HOLDINGS LIMITED,ABE
AXIOM PROPERTIES LIMITED,AXI
BCI MINERALS LIMITED,BCI
BEACON MINERALS LIMITED,BCN
BELLEVUE GOLD LIMITED,BGL
BLACKSTONE MINERALS LIMITED,BSX
BOSS ENERGY LTD,BOE
BPH GLOBAL LTD,BP8
CADOUX LIMITED,CCM
CD PRIVATE EQUITY FUND II,CD2
CENTRAL PETROLEUM LIMITED,CTP
CFOAM LIMITED,CFO
CHARTER HALL LONG WALE REIT,CLW
CLASSIC MINERALS LTD,CLZ
COMPLII FINTECH SOLUTIONS LTD,CF1
CONTACT ENERGY LIMITED,CEN
COPPER SEARCH LIMITED,CUS
CYCLONE METALS LIMITED,CLE
CZR RESOURCES LTD,CZR
DATADOT TECHNOLOGY LIMITED,DDT
E79 GOLD MINES LIMITED,E79
EAGERS AUTOMOTIVE LIMITED,APE
EASTERN METALS LIMITED,EMS
ENVIRONMENTAL CLEAN TECHNOLOGIES LIMITED.,ECT
EPSILON HEALTHCARE LIMITED,EPN
EQUITY STORY GROUP LTD,EQS
EVOLUTION MINING LIMITED,EVN
FAT PROPHETS GLOBAL PROPERTY FUND,FPP
FONTERRA SHAREHOLDERS' FUND,FSF
GOODMAN GROUP,GMG
GROWTHPOINT PROPERTIES AUSTRALIA,GOZ
HAWTHORN RESOURCES LIMITED,HAW
HIPAGES GROUP HOLDINGS LTD,HPG
IPB PETROLEUM LIMITED,IPB
JUDO CAPITAL HOLDINGS LIMITED,JDO
JUNO MINERALS LIMITED,JNO
KILLI RESOURCES LIMITED,KLI
KIN MINING NL,KIN
KULA GOLD LIMITED,KGD
LINDIAN RESOURCES LIMITED,LIN
LIVETILES LIMITED,LVT
LOCALITY PLANNING ENERGY HOLDINGS LIMITED,LPE
LODE RESOURCES LTD,LDR
LODESTAR MINERALS LIMITED,LSR
LONDON CITY EQUITIES LIMITED,LCE
MA FINANCIAL GROUP LIMITED,MAF
MAGMATIC RESOURCES LIMITED,MAG
MANY PEAKS MINERALS LTD,MPK
MERIDIAN ENERGY LIMITED,MEZ
METEORIC RESOURCES NL,MEI
MIDAS MINERALS LTD,MM1
MY REWARDS INTERNATIONAL LIMITED,MRI
NGE CAPITAL LIMITED,NGE
NYRADA INC.,NYR
ORION MINERALS LTD,ORN
OZAURUM RESOURCES LIMITED,OZM
OZZ RESOURCES LIMITED,OZZ
PACIFIC EDGE LIMITED,PEB
PACIFIC SMILES GROUP LIMITED,PSQ
PAINCHEK LTD,PCK
PENINSULA ENERGY LIMITED,PEN
PERPETUAL CREDIT INCOME TRUST,PCI
POINTERRA LIMITED,3DP
PREDICTIVE DISCOVERY LIMITED,PDI
PROGRESS 2019-1 TRUST,POX
PROTEOMICS INTERNATIONAL LABORATORIES LTD,PIQ
PROVINCE RESOURCES LTD,PRL
QUALITAS REAL ESTATE INCOME FUND,QRI
RAIZ INVEST LIMITED,RZI
RAM ESSENTIAL SERVICES PROPERTY FUND,REP
RED MOUNTAIN MINING LIMITED,RMX
REGIONAL EXPRESS HOLDINGS LIMITED,REX
RENEGADE EXPLORATION LIMITED,RNX
RESIMAC PREMIER SERIES 2020-1,RA2
RMA GLOBAL LIMITED,RMY
SAGALIO ENERGY LIMITED,SAN
SCENTRE GROUP,SCG
SELECT HARVESTS LIMITED,SHV
SERIES 2019-1 REDS TRUST,BA2
SERVCORP LIMITED,SRV
SONIC HEALTHCARE LIMITED,SHL
SOUTH32 LIMITED,S32
SPARC TECHNOLOGIES LIMITED,SPN
SPORTSHERO LIMITED,SHO
STELAR METALS LIMITED,SLB
STEP ONE CLOTHING LIMITED,STP
SUNSHINE METALS LIMITED,SHN
SUREFIRE RESOURCES NL,SRN
THINK TANK RESIDENTIAL SERIES 2024-1 TRUST,TT1
TOMBOLA GOLD LTD,TBA
TOYS'R'US ANZ LIMITED,TOY
TPG TELECOM LIMITED.,TPG
TRANSURBAN GROUP,TCL
TUAS LIMITED,TUA
UNICO SILVER LIMITED,USL
UNIVERSAL STORE HOLDINGS LIMITED,UNI
VICTOR GROUP HOLDINGS LIMITED,VIG
VIKING MINES LIMITED,VKA
VINYL GROUP LTD,VNL
WEEBIT NANO LTD,WBT
WESTFIELD UK & EUROPE FINANCE PLC,WEN
WESTPAC BANKING CORPORATION,WBC
WHITEHAVEN COAL LIMITED,WHC
WIDE OPEN AGRICULTURE LTD,WOA
XPON TECHNOLOGIES GROUP LIMITED,XPN
XSTATE RESOURCES LIMITED,XST
ZICOM GROUP LIMITED,ZGL
8COMMON LIMITED,8CO
ACCENT GROUP LIMITED,AX1
AEERIS LTD,AER
AF LEGAL GROUP LTD,AFL
AFT PHARMACEUTICALS LIMITED,AFP
ALDORO RESOURCES LIMITED,ARN
ALLIGATOR ENERGY LIMITED,AGE
ALTECH BATTERIES LTD,ATC
AMA GROUP LIMITED,AMA
AML3D LIMITED,AL3
ANTIPA MINERALS LIMITED,AZY
AROVELLA THERAPEUTICS LIMITED,ALA
AUCTUS INVESTMENT GROUP LIMITED,AVC
AUMEGA METALS LTD,AAM
AUSTCHINA HOLDINGS LIMITED,AUH
AUSTRALIA AND NEW ZEALAND BANKING GROUP LIMITED.,AN3
AUSTRALIAN CLINICAL LABS LIMITED,ACL
AUSTRALIAN GOLD AND COPPER LTD,AGC
AVECHO BIOTECHNOLOGY LIMITED,AVE
AVIRA RESOURCES LTD,AVW
BABYLON PUMP & POWER LIMITED,BPP
BANNERMAN ENERGY LTD,BMN
BMG RESOURCES LIMITED,BMG
BRYAH RESOURCES LIMITED,BYH
BTC HEALTH LTD,BTC
CANDY CLUB HOLDINGS LIMITED,CLB
CAPRAL LIMITED,CAA
CARETEQ LIMITED,CTQ
CARNEGIE CLEAN ENERGY LIMITED,CCE
CASTILE RESOURCES LTD,CST
CATALYST METALS LIMITED,CYL
CEDAR WOODS PROPERTIES LIMITED,CWP
CENTURIA INDUSTRIAL REIT,CIP
CETTIRE LIMITED,CTT
CHAMPION IRON LIMITED,CIA
CHANGE FINANCIAL LIMITED,CCA
COLES GROUP LIMITED.,COL
"DATA#3 LIMITED",DTL
DGR GLOBAL LIMITED,DGR
DIMERIX LIMITED,DXB
DORSAVI LTD,DVL
DRIVER AUSTRALIA SEVEN TRUST,DAT
ECHOIQ LIMITED,EIQ
ECLIPSE METALS LIMITED.,EPM
ECS BOTANICS HOLDINGS LTD,ECS
EMBELTON LIMITED,EMB
EMIRATES NBD PJSC,EMI
EMVISION MEDICAL DEVICES LTD,EMV
ENECO REFRESH LTD,ERG
ENEGEX LIMITED,ENX
EQUATORIAL RESOURCES LIMITED,EQX
FLEETPARTNERS GROUP LIMITED,FPR
FLETCHER BUILDING LIMITED,FBU
FLUENCE CORPORATION LIMITED,FLC
GALILEE ENERGY LIMITED,GLL
GBM RESOURCES LIMITED,GBZ
GENTRACK GROUP LIMITED,GTK
GLADIATOR RESOURCES LIMITED,GLA
GROUP 6 METALS LIMITED,G6M
HARANGA RESOURCES LIMITED.,HAR
HEALIUS LIMITED,HLS
HELLOWORLD TRAVEL LIMITED,HLO
HOMECO DAILY NEEDS REIT,HDN
HORIZON GOLD LIMITED,HRN
HUBIFY LIMITED,HFY
IDENTITII LIMITED,ID8
ILTANI RESOURCES LIMITED.,ILT
IMPERIAL PACIFIC LIMITED,IPC
IPERIONX LIMITED,IPX
ISLAND PHARMACEUTICALS LIMITED,ILA
JOYCE CORPORATION LTD,JYC
KEYBRIDGE CAPITAL LIMITED,KBC
KINGFISHER TRUST 2016-1,KIG
KNEOMEDIA LIMITED,KNM
LA TROBE FINANCIAL CAPITAL MARKETS TRUST 2022-2,LT9
LACHLAN STAR LIMITED,LSA
LEO LITHIUM LIMITED,LLL
LEPIDICO LTD,LPD
LINCOLN MINERALS LIMITED,LML
LION SERIES 2023-1 TRUST,LN2
LITHIUM ENERGY LIMITED,LEL
LOTUS RESOURCES LIMITED,LOT
MANTLE MINERALS LIMITED,MTL
MEC RESOURCES LIMITED,MMR
MEDALLION METALS LIMITED.,MM8
METRO FINANCE 2021-1 TRUST SERIES 1,MF1
METRO FINANCE 2022-1 TRUST - SERIES 1,MF2
MINERALS 260 LIMITED,MI6
NARRYER METALS LIMITED,NYM
NAVIGATOR GLOBAL INVESTMENTS LIMITED,NGI
NEOMETALS LTD,NMT
NEUROSCIENTIFIC BIOPHARMACEUTICALS LTD,NSB
NEUROTECH INTERNATIONAL LIMITED,NTI
NEW AGE EXPLORATION LIMITED,NAE
NICKELSEARCH LIMITED,NIS
NOVA MINERALS LIMITED,NVA
NOVIQTECH LIMITED,NVQ
NTAW HOLDINGS LIMITED,NTD
OCEANIA HEALTHCARE LIMITED,OCA
PANORAMA AUTO TRUST 2023-1,PA1
PARABELLUM RESOURCES LIMITED,PBL
PARKWAY CORPORATE LIMITED,PWN
POLYMETALS RESOURCES LTD,POL
PROPELL HOLDINGS LIMITED,PHL
PURE HYDROGEN CORPORATION LIMITED,PH2
PURSUIT MINERALS LTD,PUR
RED METAL LIMITED,RDM
RENASCOR RESOURCES LIMITED,RNU
RIEDEL RESOURCES LIMITED,RIE
RIO TINTO LIMITED,RIO
RPMGLOBAL HOLDINGS LIMITED,RUL
SANDFIRE RESOURCES LIMITED,SFR
SAVANNAH GOLDFIELDS LIMITED,SVG
SERIES 2015-1 WST TRUST,WEJ
SILK LOGISTICS HOLDINGS LIMITED,SLH
SIMBLE SOLUTIONS LIMITED,SIS
SIPA RESOURCES LIMITED,SRI
SIREN GOLD LIMITED,SNG
SOMERSET MINERALS LIMITED,SMM
SOUTHERN CROSS ELECTRICAL ENGINEERING LTD,SXE
SPDR S&P/ASX 50 FUND,SFY
SPORTS ENTERTAINMENT GROUP LIMITED,SEG
ST BARBARA LIMITED,SBM
STRICKLAND METALS LIMITED,STK
SUMMIT MINERALS LIMITED,SUM
SUNSTONE METALS LTD,STM
SUVO STRATEGIC MINERALS LIMITED,SUV
SYNERTEC CORPORATION LIMITED,SOP
TALIUS GROUP LIMITED,TAL
TAMBORAN RESOURCES CORPORATION,TBN
TELSTRA GROUP LIMITED,TLS
THE AGENCY GROUP AUSTRALIA LTD,AU1
THE AUSTRALIAN WEALTH ADVISORS GROUP LIMITED,WAG
THE ORIGINAL JUICE CO. LTD,OJC
THORNEY TECHNOLOGIES LTD,TEK
THRIVE TRIBE TECHNOLOGIES LIMITED,1TT
TISSUE REPAIR LTD,TRP
TOLU MINERALS LIMITED.,TOK
TORO ENERGY LIMITED,TOE
TORQUE METALS LIMITED..,TOR
TRITON BOND TRUST 2021-1 IN RESPECT OF SERIES 1,TT6
UNITED OVERSEAS AUSTRALIA LIMITED,UOS
VANADIUM RESOURCES LIMITED,VR8
VICINITY CENTRES TRUST,VCD
VIP GLOVES LTD,VIP
VISIONEERING TECHNOLOGIES INC.,VTI
VYSARN LIMITED,VYS
WESTAR RESOURCES LIMITED,WSR
WESTERN MINES GROUP LTD,WMG
WESTSTAR INDUSTRIAL LIMITED,WSI
WINCHESTER ENERGY LTD,WEL
WRKR LTD,WRK
ZIP CO LIMITED..,ZIP
3P LEARNING LIMITED..,3PL
ADHERIUM LIMITED,ADR
AIMS PROPERTY SECURITIES FUND,APW
AKORA RESOURCES LIMITED,AKO
ALBION RESOURCES LIMITED,ALB
ALICE QUEEN LIMITED,AQX
ALLIANCE AVIATION SERVICES LIMITED,AQZ
AMCOR PLC,AMC
AMPOL LIMITED,ALD
APA INFRASTRUCTURE LIMITED,AP2
APIAM ANIMAL HEALTH LIMITED,AHX
ARTEMIS RESOURCES LIMITED,ARV
AUCKLAND INTERNATIONAL AIRPORT LIMITED,AIA
AUMAKE LIMITED.,AUK
AURELIA METALS LIMITED,AMI
AURIZON HOLDINGS LIMITED,AZJ
AURORA ENERGY METALS LIMITED,1AE
AUSTRALIAN AGRICULTURAL COMPANY LIMITED.,AAC
AUSTRALIAN FINANCE GROUP LTD,AFG
AUSTRALIAN FOUNDATION INVESTMENT COMPANY LIMITED,AFI
AUSTRALIAN VANADIUM LIMITED,AVL
AUSWIDE BANK LTD,ABA
AVADA GROUP LIMITED,AVD
AVITA MEDICAL INC.,AVH
AXP ENERGY LIMITED,AXP
BABY BUNTING GROUP LIMITED,BBN
BELARAROX LIMITED,BRX
BLACK DRAGON GOLD CORP.,BDG
BRIGHTSTAR RESOURCES LIMITED,BTR
CADENCE CAPITAL LIMITED,CDM
CENTREPOINT ALLIANCE LIMITED,CAF
CHILWA MINERALS LTD,CHW
CITIGOLD CORPORATION LIMITED,CTO
COMET RIDGE LIMITED,COI
CORPORATE TRAVEL MANAGEMENT LIMITED,CTD
COVENTRY GROUP LIMITED,CYG
CYCLIQ GROUP LTD,CYQ
DEXUS CONVENIENCE RETAIL REIT,DXC
DJERRIWARRH INVESTMENTS LIMITED,DJW
DOMINO'S PIZZA ENTERPRISES LIMITED,DMP
DRONESHIELD LIMITED,DRO
DUG TECHNOLOGY LTD,DUG
DUKETON MINING LIMITED,DKM
ELMORE LTD,ELE
EUROZ HARTLEYS GROUP LIMITED,EZL
FARM PRIDE FOODS LIMITED,FRM
FINEOS CORPORATION HOLDINGS PLC,FCL
FIREFLY METALS LTD,FFM
FITZROY RIVER CORPORATION LTD,FZR
FREIGHTWAYS GROUP LIMITED,FRW
FSA GROUP LIMITED,FSA
GIBB RIVER DIAMONDS LIMITED,GIB
GLOBAL DATA CENTRE GROUP,GDC
GLOBAL MASTERS FUND LIMITED,GFL
GOWING BROS LIMITED,GOW
GREAT BOULDER RESOURCES LIMITED,GBR
GREEN CRITICAL MINERALS LIMITED,GCM
GREEN TECHNOLOGY METALS LIMITED,GT1
GUZMAN Y GOMEZ LIMITED,GYG
HASTINGS TECHNOLOGY METALS LTD,HAS
HUDSON INVESTMENT GROUP LIMITED,HGL
ICON ENERGY LIMITED,ICN
IKEGPS GROUP LIMITED,IKE
INFINI RESOURCES LIMITED,I88
INFINITY MINING LIMITED,IMI
INHALERX LIMITED,IRX
INNLANZ LIMITED,INL
INTEGRAL DIAGNOSTICS LIMITED,IDX
INTERNATIONAL FINANCE CORPORATION,IFX
IODM LIMITED,IOD
KALINA POWER LIMITED,KPO
KEY PETROLEUM LIMITED,KEY
KINGFISHER TRUST 2019-1,KI1
LA TROBE FINANCIAL CAPITAL MARKETS TRUST 2021-2,LT7
LATITUDE AUSTRALIA CREDIT CARD LOAN NOTE TRUST,LCN
LYNAS RARE EARTHS LIMITED,LYC
MATSA RESOURCES LIMITED,MAT
MAYNE PHARMA GROUP LIMITED,MYX
METGASCO LTD,MEL
MOSAIC BRANDS LIMITED,MOZ
MOTIO LTD,MXO
MOVE LOGISTICS GROUP LIMITED,MOV
NAOS EMERGING OPPORTUNITIES COMPANY LIMITED,NCC
NATIONAL RMBS TRUST 2022-1 IN RESPECT OF SERIES 2022-1,NRP
NELSON RESOURCES LIMITED.,NES
NEXT SCIENCE LIMITED,NXS
NEXUS MINERALS LIMITED,NXM
NORFOLK METALS LIMITED,NFL
OBJECTIVE CORPORATION LIMITED,OCL
OLDFIELDS HOLDINGS LIMITED,OLH
OLIVER'S REAL FOOD LIMITED,OLI
OLYMPIO METALS LIMITED,OLY
ONCOSIL MEDICAL LTD,OSL
ONE CLICK GROUP LIMITED,1CG
OSTEOPORE LIMITED,OSX
PANORAMA AUTO TRUST 2023-3,PA3
PATERSON RESOURCES LTD,PSL
PEET LIMITED,PPC
PERPETUAL EQUITY INVESTMENT COMPANY LIMITED,PIC
PINNACLE INVESTMENT MANAGEMENT GROUP LIMITED,PNI
PROGRESS 2023-1 TRUST,POE
QANTM INTELLECTUAL PROPERTY LIMITED,QIP
SALTER BROTHERS EMERGING COMPANIES LIMITED,SB2
SANTOS LIMITED,STO
SHAVER SHOP GROUP LIMITED,SSG
SHEKEL BRAINWEIGH LTD,SBW
SINGULAR HEALTH GROUP LTD,SHG
SOUTHERN CROSS MEDIA GROUP LIMITED,SXL
SOUTHERN PALLADIUM LIMITED,SPD
SYRAH RESOURCES LIMITED,SYR
TEAMINVEST PRIVATE GROUP LIMITED,TIP
TG METALS LIMITED,TG6
THE LOTTERY CORPORATION LIMITED,TLC
THE STAR ENTERTAINMENT GROUP LIMITED,SGR
TINYBEANS GROUP LTD,TNY
TMK ENERGY LIMITED,TMK
TPC CONSOLIDATED LIMITED,TPC
TREK METALS LIMITED,TKM
VERMILION BOND TRUST 2020 IN RESPECT OF SERIES 1,VT2
VICINITY CENTRES,VCX
VIRGIN MONEY UK PLC,VUK
VITA LIFE SCIENCES LIMITED..,VLS
VIVA ENERGY GROUP LIMITED,VEA
WAM ACTIVE LIMITED,WAA
WEA FINANCE LLC AND WESTFIELD UK & EUROPE FINANCE PLC,WEF
WHITEHAWK LIMITED,WHK
ZENITH MINERALS LIMITED,ZNC
ZEOTECH LIMITED,ZEO
ZULEIKA GOLD LIMITED,ZAG
4DS MEMORY LIMITED,4DS
ABACUS GROUP,ABG
ACCENT RESOURCES NL,ACS
ADISYN LTD,AI1
ADVANCED HEALTH INTELLIGENCE LTD,AHI
AERIS ENVIRONMENTAL LTD,AEI
AFG 2023-1 TRUST IN RESPECT OF SERIES 2023-1,AFT
AGUIA RESOURCES LIMITED,AGR
AIRTASKER LIMITED,ART
ALCHEMY RESOURCES LIMITED,ALY
ALCIDION GROUP LIMITED,ALC
ALCOA CORPORATION,AAI
ALGORAE PHARMACEUTICALS LIMITED,1AI
AMPLIA THERAPEUTICS LIMITED,ATX
APOLLO SERIES 2018-1 TRUST,AO3
ARGENT MINERALS LIMITED,ARD
ASF GROUP LIMITED,AFA
ATLANTIC LITHIUM LIMITED,A11
AUGUSTUS MINERALS LIMITED,AUG
AURA ENERGY LIMITED,AEE
AURIC MINING LIMITED,AWJ
AUSNET SERVICES HOLDINGS PTY LTD,ANV
AUSTRALIAN UNITY OFFICE FUND,AOF
BAILADOR TECHNOLOGY INVESTMENTS LIMITED,BTI
BANK OF QUEENSLAND LIMITED.,BOQ
BEAM COMMUNICATIONS HOLDINGS LIMITED,BCC
BENTLEY CAPITAL LIMITED,BEL
BERKELEY ENERGIA LIMITED,BKY
BESTON GLOBAL FOOD COMPANY LIMITED,BFC
BOOKTOPIA GROUP LIMITED,BKG
BRAZILIAN RARE EARTHS LIMITED,BRE
BRISBANE BRONCOS LIMITED,BBL
CANYON RESOURCES LIMITED,CAY
CAPITOL HEALTH LIMITED,CAJ
CASTLE MINERALS LIMITED,CDT
CENTAURUS METALS LIMITED,CTM
CHARTER HALL GROUP,CHC
CLEARVUE TECHNOLOGIES LIMITED,CPV
COOPER ENERGY LIMITED,COE
COOPER METALS LIMITED,CPM
COPPER STRIKE LIMITED,CSE
COUNT LIMITED,CUP
CPT GLOBAL LIMITED,CGO
CRYOSITE LIMITED,CTE
DALAROO METALS LTD,DAL
DE GREY MINING LIMITED,DEG
DESERT METALS LIMITED,DM1
DYNAMIC GROUP HOLDINGS LIMITED,DDB
ECOGRAF LIMITED,EGR
EDU HOLDINGS LIMITED,EDU
ENVIRONMENTAL GROUP LIMITED (THE),EGL
FIRSTMAC MORTGAGE FUNDING TRUST NO. 4 SERIES 1-2020,FM3
FORTESCUE LTD,FMG
FREEHILL MINING LIMITED.,FHS
GENESIS RESOURCES LIMITED,GES
GODOLPHIN RESOURCES LIMITED,GRL
HIGHCOM LIMITED,HCL
HIGHFIELD RESOURCES LIMITED,HFR
HORIZON OIL LIMITED,HZN
IGNITE LIMITED,IGN
IMAGION BIOSYSTEMS LIMITED,IBX
INDUSTRIAL MINERALS LTD,IND
INTELLIGENT MONITORING GROUP LIMITED,IMB
JCURVE SOLUTIONS LTD,JCS
JOHNS LYNG GROUP LIMITED,JLG
KAISER REEF LIMITED,KAU
KEYPATH EDUCATION INTERNATIONAL INC.,KED
KINA SECURITIES LIMITED,KSL
KINGSGATE CONSOLIDATED LIMITED.,KCN
KOGAN.COM LTD,KGN
LA TROBE FINANCIAL CAPITAL MARKETS TRUST 2024-1,LR3
LAND & HOMES GROUP LIMITED,LHM
LATITUDE 66 LIMITED,LAT
LOWELL RESOURCES FUND,LRT
LUNNON METALS LIMITED,LM8
LYKOS METALS LIMITED,LYK
MAAS GROUP HOLDINGS LIMITED,MGH
MATRIX COMPOSITES & ENGINEERING LIMITED,MCE
MAXIMUS RESOURCES LIMITED,MXR
MEDICAL DEVELOPMENTS INTERNATIONAL LIMITED,MVP
METALSTECH LIMITED,MTC
MINBOS RESOURCES LIMITED,MNB
MINERAL COMMODITIES LTD,MRC
MORPHIC ETHICAL EQUITIES FUND LIMITED,MEC
MOUNT BURGESS MINING NL,MTB
MYER HOLDINGS LIMITED,MYR
NEWPEAK METALS LIMITED,NPM
NEXTDC LIMITED,NXT
NIGHTINGALE INTELLIGENT SYSTEMS INC,NGL
NORDIC NICKEL LIMITED,NNL
NORWOOD SYSTEMS LIMITED,NOR
OMEGA OIL & GAS LIMITED,OMA
PERSEUS MINING LIMITED,PRU
PROVARIS ENERGY LTD,PV1
PURE RESOURCES LIMITED,PR1
RAND MINING LIMITED,RND
RAREX LIMITED,REE
RECCE PHARMACEUTICALS LTD,RCE
RECTIFIER TECHNOLOGIES LTD,RFT
REDIVIUM LIMITED,RIL
RURAL FUNDS GROUP,RFF
S2 RESOURCES LTD,S2R
SAFEROADS HOLDINGS LIMITED,SRH
SAUNDERS INTERNATIONAL LIMITED,SND
SCHROLE GROUP LTD,SCL
SCORPION MINERALS LIMITED,SCN
SERIES 2021-1 WST TRUST,WSE
SHEFFIELD RESOURCES LIMITED,SFX
SKS TECHNOLOGIES GROUP LIMITED,SKS
SPDR S&P/ASX 200 FUND,STW
ST GEORGE MINING LIMITED,SGQ
STAR MINERALS LIMITED,SMS
SULTAN RESOURCES LTD,SLZ
TALI DIGITAL LIMITED,TD1
TELIX PHARMACEUTICALS LIMITED,TLX
TEMPEST MINERALS LIMITED,TEM
TURNERS AUTOMOTIVE GROUP LIMITED,TRA
VDM GROUP LIMITED,VMG
VULCAN STEEL LIMITED,VSL
WOTSO PROPERTY,WOT
XERO LIMITED,XRO
360 CAPITAL REIT,TOT
ACTIVEX LIMITED,AIV
AD1 HOLDINGS LIMITED,AD1
ADVANCED BRAKING TECHNOLOGY LTD,ABV
AINSWORTH GAME TECHNOLOGY LIMITED,AGI
ALTIUM LIMITED,ALU
APM HUMAN SERVICES INTERNATIONAL LIMITED,APM
APOLLO MINERALS LIMITED,AON
ARC FUNDS LIMITED,ARC
ASSET VISION CO LTD,ASV
AUSTRALIAN SILICA QUARTZ GROUP LTD,ASQ
BASE RESOURCES LIMITED,BSE
BEAMTREE HOLDINGS LIMITED,BMT
BENJAMIN HORNIGOLD LIMITED,BHD
BETMAKERS TECHNOLOGY GROUP LTD,BET
BHP GROUP LIMITED,BHP
BLACK CANYON LIMITED,BCA
BLUESCOPE STEEL LIMITED,BSL
BUBS AUSTRALIA LIMITED,BUB
BURGUNDY DIAMOND MINES LIMITED,BDM
BUTN LIMITED,BTN
CADENCE OPPORTUNITIES FUND LIMITED.,CDO
CAISSE FRANCAISE DE FINANCEMENT LOCAL,DXA
CARDIEX LIMITED,CDX
CAULDRON ENERGY LIMITED,CXU
CENTURIA OFFICE REIT,COF
CLEO DIAGNOSTICS LTD,COV
CONRAD ASIA ENERGY LTD.,CRD
CREDIT CORP GROUP LIMITED,CCP
CVC LIMITED,CVC
DELOREAN CORPORATION LIMITED,DEL
DEXUS INDUSTRIA REIT.,DXI
DOME GOLD MINES LIMITED,DME
DUXTON FARMS LTD,DBF
EARTHS ENERGY LIMITED,EE1
EBOS GROUP LIMITED,EBO
EMMERSON RESOURCES LIMITED,ERM
EMPEROR ENERGY LIMITED,EMP
ENOVA MINING LIMITED,ENV
FELIX GROUP HOLDINGS LTD,FLX
FERTOZ LIMITED,FTZ
FIN RESOURCES LIMITED,FIN
FINBAR GROUP LIMITED,FRI
G8 EDUCATION LIMITED,GEM
GAS2GRID LIMITED,GGX
GATHID LTD,GTH
GENMIN LIMITED,GEN
GEOPACIFIC RESOURCES LTD,GPR
GLOBAL URANIUM AND ENRICHMENT LTD,GUE
GOLD HYDROGEN LIMITED,GHY
GWR GROUP LIMITED,GWR
HANCOCK & GORE LTD,HNG
HARMONEY CORP LIMITED,HMY
HARRIS TECHNOLOGY GROUP LIMITED,HT8
HAVILAH RESOURCES LIMITED,HAV
IMMURON LIMITED,IMC
INDIANA RESOURCES LIMITED,IDA
INOVIQ LTD,IIQ
IRONBARK CAPITAL LIMITED,IBC
JB HI-FI LIMITED,JBH
KALAMAZOO RESOURCES LIMITED,KZR
KALGOORLIE GOLD MINING LIMITED,KAL
KINCORA COPPER LIMITED,KCC
KINGSLAND MINERALS LTD,KNG
KINGSTON RESOURCES LIMITED,KSN
KKR CREDIT INCOME FUND,KKC
KORVEST LTD,KOV
L1 LONG SHORT FUND LIMITED,LSF
LBT INNOVATIONS LIMITED,LBT
LEGACY IRON ORE LIMITED,LCY
LTR PHARMA LIMITED,LTP
MACMAHON HOLDINGS LIMITED,MAH
MAGGIE BEER HOLDINGS LTD,MBH
MARONAN METALS LIMITED,MMA
MAYFIELD GROUP HOLDINGS LIMITED,MYG
MEDADVISOR LIMITED,MDR
MEDALLION TRUST SERIES 2016-2,MZT
MEDALLION TRUST SERIES 2017-2,MZ2
MEEKA METALS LIMITED,MEK
METALS X LIMITED,MLX
MICROEQUITIES ASSET MANAGEMENT GROUP LIMITED,MAM
MINERAL RESOURCES LIMITED,MIN
MONT ROYAL RESOURCES LIMITED,MRZ
MOUNT RIDLEY MINES LIMITED,MRD
NAGAMBIE RESOURCES LIMITED,NAG
NEW WORLD RESOURCES LIMITED,NWC
NGX LIMITED,NGX
NOVO RESOURCES CORP.,NVO
OCTAVA MINERALS LIMITED,OCT
ORPHEUS URANIUM LIMITED,ORP
PACIFIC CURRENT GROUP LIMITED,PAC
PAN ASIA METALS LIMITED,PAM
PEPPER MONEY LIMITED,PPM
PEPPER SPARKZ TRUST NO.6,PU6
PERPETUAL LIMITED,PPT
PIONEER CREDIT LIMITED,PNC
PM CAPITAL GLOBAL OPPORTUNITIES FUND LIMITED,PGF
PROGRESS 2022-1 TRUST,POC
PROPEL FUNERAL PARTNERS LIMITED,PFP
PROPHECY INTERNATIONAL HOLDINGS LIMITED,PRO
PROSPECT RESOURCES LIMITED,PSC
QBE INSURANCE GROUP LIMITED,QBE
QUBE HOLDINGS LIMITED,QUB
RARE FOODS AUSTRALIA LIMITED,RFA
REACH RESOURCES LIMITED,RR1
RECKON LIMITED,RKN
REDOX LIMITED,RDX
RENU ENERGY LIMITED,RNE
RETAIL FOOD GROUP LIMITED,RFG
RONIN RESOURCES LTD,RON
SABRE RESOURCES LIMITED,SBR
SARYTOGAN GRAPHITE LIMITED,SGA
SERKO LIMITED,SKO
SHINHAN BANK.,SHZ
SILEX SYSTEMS LIMITED,SLX
SMART PARKING LIMITED,SPZ
SOUTH HARZ POTASH LTD,SHP
STRANDLINE RESOURCES LIMITED,STA
SUN SILVER LIMITED,SS1
SWOOP HOLDINGS LIMITED,SWP
TECHGEN METALS LTD,TG1
TERRA URANIUM LIMITED,T92
TIAN AN AUSTRALIA LIMITED,TIA
TITAN MINERALS LIMITED,TTM
TIVAN LIMITED,TVN
TOUCH VENTURES LIMITED,TVL
TOWER LIMITED,TWR
TRAFFIC TECHNOLOGIES LTD.,TTI
TTA HOLDINGS LIMITED,TTA
TYRO PAYMENTS LIMITED,TYR
VECTUS BIOSYSTEMS LIMITED,VBS
VOLT RESOURCES LIMITED,VRC
WELLARD LIMITED,WLD
WHITE CLIFF MINERALS LIMITED,WCN
WIA GOLD LIMITED,WIA
WINTON LAND LIMITED,WTN
